artist,tracks,tracks10,tracks40,weeks_total,weeks_total10,weeks_total40,highest,longest,longest40,longest10,first_entered,last_entered,peak_date,first_track_idx,last_track_idx,highest_track_idx,longest_track_idx
Zach Sobiech,1,0,1,2,0,1,26,2,1,0,2013-06-09 00:00:00,2013-06-09 00:00:00,2013-06-09 00:00:00,39894,39894,39894,39894
Soulja Boy Tell'em,1,0,1,16,0,4,34,16,4,0,2010-07-04 00:00:00,2010-07-04 00:00:00,2010-08-22 00:00:00,35004,35004,35004,35004
Austin Mahone,2,0,0,24,0,0,49,15,0,0,2013-06-30 00:00:00,2014-02-09 00:00:00,2014-05-04 00:00:00,2453,2452,2452,2452
Britney Spears,7,3,4,91,18,54,1,24,23,9,2011-01-30 00:00:00,2013-11-24 00:00:00,2011-01-30 00:00:00,6231,6230,6231,6232
Diggy,1,0,0,8,0,0,80,8,0,0,2012-02-12 00:00:00,2012-02-12 00:00:00,2012-04-08 00:00:00,10426,10426,10426,10426
Fitz And The Tantrums,1,0,0,12,0,0,67,12,0,0,2014-03-16 00:00:00,2014-03-16 00:00:00,2014-04-27 00:00:00,13766,13766,13766,13766
Childish Gambino,2,0,0,20,0,0,64,19,0,0,2013-12-22 00:00:00,2013-12-29 00:00:00,2014-10-26 00:00:00,7853,7854,7854,7854
Glen Campbell,1,0,0,1,0,0,90,1,0,0,2014-11-02 00:00:00,2014-11-02 00:00:00,2014-11-02 00:00:00,16341,16341,16341,16341
Natalie La Rose,1,0,1,8,0,5,15,8,5,0,2015-02-08 00:00:00,2015-02-08 00:00:00,2015-03-22 00:00:00,27998,27998,27998,27998
Mary Mary,1,0,0,5,0,0,94,5,0,0,2011-03-20 00:00:00,2011-03-20 00:00:00,2011-04-17 00:00:00,26395,26395,26395,26395
Lucy Hale,1,0,0,1,0,0,88,1,0,0,2014-01-26 00:00:00,2014-01-26 00:00:00,2014-01-26 00:00:00,25366,25366,25366,25366
MKTO,1,0,1,27,0,17,14,27,17,0,2014-03-02 00:00:00,2014-03-02 00:00:00,2014-07-20 00:00:00,27396,27396,27396,27396
Tinashe,1,0,1,23,0,16,24,23,16,0,2014-05-25 00:00:00,2014-05-25 00:00:00,2014-08-10 00:00:00,37064,37064,37064,37064
Sean Kingston,4,0,2,57,0,18,15,20,11,0,2010-04-11 00:00:00,2013-05-05 00:00:00,2010-05-16 00:00:00,34059,34058,34059,34060
Ca$h Out,1,0,0,3,0,0,98,3,0,0,2014-07-13 00:00:00,2014-07-13 00:00:00,2014-07-27 00:00:00,6781,6781,6781,6781
Keith Urban,12,0,2,185,0,7,26,19,4,0,2010-01-31 00:00:00,2015-03-15 00:00:00,2013-11-24 00:00:00,22959,22982,22952,22952
Samantha Barks,1,0,0,1,0,0,97,1,0,0,2013-01-20 00:00:00,2013-01-20 00:00:00,2013-01-20 00:00:00,33664,33664,33664,33664
Juliet Simms,2,0,0,2,0,0,70,1,0,0,2012-04-29 00:00:00,2012-05-20 00:00:00,2012-05-20 00:00:00,22442,22441,22441,22441
Ed Sheeran,8,1,6,115,14,56,2,33,17,14,2012-07-29 00:00:00,2014-12-21 00:00:00,2015-02-01 00:00:00,11776,11778,11775,11776
Alison Gold,1,0,1,1,0,1,29,1,1,0,2013-11-03 00:00:00,2013-11-03 00:00:00,2013-11-03 00:00:00,1106,1106,1106,1106
Victorious Cast,3,0,0,14,0,0,50,6,0,0,2010-12-19 00:00:00,2011-06-19 00:00:00,2011-01-16 00:00:00,38782,38784,38782,38782
Akon,1,0,0,8,0,0,56,8,0,0,2010-10-10 00:00:00,2010-10-10 00:00:00,2010-12-19 00:00:00,670,670,670,670
WALK THE MOON,1,0,1,18,0,2,21,18,2,0,2014-11-23 00:00:00,2014-11-23 00:00:00,2015-03-22 00:00:00,38929,38929,38929,38929
Prince Royce,2,0,0,22,0,0,43,12,0,0,2013-09-08 00:00:00,2015-01-11 00:00:00,2015-02-15 00:00:00,31012,31013,31013,31012
Owl City,1,1,1,24,7,23,8,24,23,7,2012-07-15 00:00:00,2012-07-15 00:00:00,2012-09-16 00:00:00,29066,29066,29066,29066
Kiesza,1,0,0,13,0,0,51,13,0,0,2014-08-03 00:00:00,2014-08-03 00:00:00,2014-09-21 00:00:00,23257,23257,23257,23257
Christina Aguilera,8,0,2,25,0,2,23,9,1,0,2010-05-02 00:00:00,2012-12-02 00:00:00,2010-05-02 00:00:00,8002,7999,8002,7998
Bastille,2,1,1,31,7,15,5,30,15,7,2013-09-01 00:00:00,2014-04-27 00:00:00,2014-03-16 00:00:00,2984,2985,2984,2984
Little Big Town,6,0,1,77,0,12,22,20,12,0,2010-06-20 00:00:00,2015-02-22 00:00:00,2012-08-12 00:00:00,24768,24771,24767,24767
Usher,15,3,10,271,38,155,1,34,31,17,2010-01-03 00:00:00,2014-12-07 00:00:00,2010-05-16 00:00:00,38278,38301,38275,38276
Jake Owen,7,0,2,113,0,17,24,19,9,0,2011-05-01 00:00:00,2015-01-18 00:00:00,2011-08-21 00:00:00,19545,19550,19545,19541
General Larry Platt,1,0,0,3,0,0,46,3,0,0,2010-02-28 00:00:00,2010-02-28 00:00:00,2010-02-28 00:00:00,15575,15575,15575,15575
Taio Cruz,5,2,3,87,34,71,1,41,38,18,2010-03-14 00:00:00,2011-10-23 00:00:00,2010-03-21 00:00:00,36104,36103,36104,36105
Danielle Bradbery,7,0,0,20,0,0,58,13,0,0,2013-05-26 00:00:00,2013-08-04 00:00:00,2013-08-04 00:00:00,9309,9303,9303,9303
Busta Rhymes,1,0,0,1,0,0,94,1,0,0,2014-07-20 00:00:00,2014-07-20 00:00:00,2014-07-20 00:00:00,6680,6680,6680,6680
Evanescence,2,0,0,2,0,0,68,1,0,0,2011-08-28 00:00:00,2011-10-30 00:00:00,2011-08-28 00:00:00,13201,13202,13201,13202
J. Dash,1,0,0,8,0,0,51,8,0,0,2013-04-07 00:00:00,2013-04-07 00:00:00,2013-08-04 00:00:00,19159,19159,19159,19159
Clay Walker,1,0,0,18,0,0,53,18,0,0,2010-04-18 00:00:00,2010-04-18 00:00:00,2010-07-04 00:00:00,8281,8281,8281,8281
Pharrell,1,0,1,15,0,1,23,15,1,0,2014-05-25 00:00:00,2014-05-25 00:00:00,2014-08-10 00:00:00,30538,30538,30538,30538
Green Day,1,0,0,4,0,0,97,4,0,0,2012-08-26 00:00:00,2012-08-26 00:00:00,2012-09-02 00:00:00,16861,16861,16861,16861
Ashton Shepherd,1,0,0,1,0,0,95,1,0,0,2011-06-05 00:00:00,2011-06-05 00:00:00,2011-06-05 00:00:00,2376,2376,2376,2376
Rich Homie Quan,2,0,0,27,0,0,50,20,0,0,2013-08-04 00:00:00,2014-09-07 00:00:00,2013-09-29 00:00:00,32127,32126,32127,32127
I LOVE MAKONNEN,1,0,0,3,0,0,73,3,0,0,2014-10-12 00:00:00,2014-10-12 00:00:00,2014-10-26 00:00:00,18633,18633,18633,18633
Maxwell,1,0,0,4,0,0,94,4,0,0,2010-04-04 00:00:00,2010-04-04 00:00:00,2010-04-11 00:00:00,26535,26535,26535,26535
Florence + The Machine,4,0,1,43,0,2,21,20,2,0,2010-09-26 00:00:00,2015-03-01 00:00:00,2010-10-03 00:00:00,13945,13946,13945,13943
Future,8,0,0,105,0,0,46,20,0,0,2012-03-18 00:00:00,2014-05-11 00:00:00,2014-05-11 00:00:00,15190,15185,15184,15186
Hoodie Allen,1,0,0,4,0,0,71,4,0,0,2015-01-25 00:00:00,2015-01-25 00:00:00,2015-02-15 00:00:00,18383,18383,18383,18383
YC,1,0,0,17,0,0,42,17,0,0,2011-04-17 00:00:00,2011-04-17 00:00:00,2011-06-05 00:00:00,39739,39739,39739,39739
DeJ Loaf,1,0,0,20,0,0,45,20,0,0,2014-11-09 00:00:00,2014-11-09 00:00:00,2014-12-28 00:00:00,9897,9897,9897,9897
Jamie Foxx,2,0,1,29,0,6,28,18,6,0,2010-04-25 00:00:00,2010-12-26 00:00:00,2010-04-25 00:00:00,19734,19733,19734,19733
Nicole Scherzinger,2,0,1,13,0,2,39,12,2,0,2011-06-05 00:00:00,2011-09-04 00:00:00,2011-07-31 00:00:00,28444,28445,28444,28444
Brenda Lee,1,0,0,1,0,0,50,1,0,0,2014-01-05 00:00:00,2014-01-05 00:00:00,2014-01-05 00:00:00,6116,6116,6116,6116
Ricky Martin,1,0,0,2,0,0,74,2,0,0,2010-11-21 00:00:00,2010-11-21 00:00:00,2010-11-21 00:00:00,32315,32315,32315,32315
Big Sean,11,1,5,110,1,36,10,24,19,1,2011-03-20 00:00:00,2015-03-15 00:00:00,2012-01-08 00:00:00,3936,3942,3935,3935
Anne Hathaway,1,0,0,3,0,0,69,3,0,0,2013-01-13 00:00:00,2013-01-13 00:00:00,2013-01-13 00:00:00,1720,1720,1720,1720
Major Lazer,1,0,0,9,0,0,56,9,0,0,2013-06-30 00:00:00,2013-06-30 00:00:00,2013-08-25 00:00:00,25713,25713,25713,25713
Cage The Elephant,1,0,0,4,0,0,78,4,0,0,2011-01-30 00:00:00,2011-01-30 00:00:00,2011-01-30 00:00:00,6832,6832,6832,6832
Juicy J,4,0,1,48,0,8,29,19,8,0,2012-09-30 00:00:00,2014-08-31 00:00:00,2012-12-16 00:00:00,22412,22409,22412,22412
Silento,1,0,0,3,0,0,76,3,0,0,2015-03-15 00:00:00,2015-03-15 00:00:00,2015-03-22 00:00:00,34529,34529,34529,34529
Plain White T's,1,0,1,21,0,2,38,21,2,0,2010-08-29 00:00:00,2010-08-29 00:00:00,2011-02-20 00:00:00,30732,30732,30732,30732
Monica,2,0,0,35,0,0,44,18,0,0,2010-02-28 00:00:00,2010-08-01 00:00:00,2010-04-11 00:00:00,27457,27458,27457,27457
Capital Cities,1,1,1,30,6,22,8,30,22,6,2013-05-19 00:00:00,2013-05-19 00:00:00,2013-09-08 00:00:00,6950,6950,6950,6950
Idina Menzel,2,1,1,20,4,15,5,19,15,4,2013-12-15 00:00:00,2014-12-07 00:00:00,2014-04-06 00:00:00,18678,18679,18678,18678
Wiz Khalifa,13,2,4,139,10,51,1,25,21,9,2010-10-03 00:00:00,2015-03-08 00:00:00,2011-02-20 00:00:00,39582,39588,39582,39582
Joe Jonas,1,0,0,1,0,0,92,1,0,0,2011-07-03 00:00:00,2011-07-03 00:00:00,2011-07-03 00:00:00,21215,21215,21215,21215
Steven Tyler,1,0,1,4,0,1,35,4,1,0,2011-05-29 00:00:00,2011-05-29 00:00:00,2011-05-29 00:00:00,35538,35538,35538,35538
Chase Rice,1,0,0,20,0,0,54,20,0,0,2013-10-27 00:00:00,2013-10-27 00:00:00,2014-10-12 00:00:00,7639,7639,7639,7639
Linkin Park,6,0,2,61,0,3,27,23,2,0,2010-08-22 00:00:00,2013-10-06 00:00:00,2010-10-03 00:00:00,24659,24654,24659,24655
Dan + Shay,1,0,0,18,0,0,42,18,0,0,2014-01-19 00:00:00,2014-01-19 00:00:00,2014-04-20 00:00:00,9220,9220,9220,9220
New Boyz,3,0,2,50,0,14,26,20,11,0,2010-08-01 00:00:00,2011-05-22 00:00:00,2011-05-15 00:00:00,28242,28240,28239,28239
Adam Levine,2,0,0,2,0,0,45,1,0,0,2011-07-17 00:00:00,2012-05-27 00:00:00,2011-07-17 00:00:00,547,546,547,546
Chris Brown,20,4,13,317,14,165,6,30,25,10,2010-07-18 00:00:00,2015-01-25 00:00:00,2011-04-17 00:00:00,7916,7932,7909,7898
Jamie N Commons,1,0,0,2,0,0,87,2,0,0,2014-06-29 00:00:00,2014-06-29 00:00:00,2014-07-13 00:00:00,19742,19742,19742,19742
Katy Perry,16,10,14,258,131,221,1,34,24,18,2010-05-30 00:00:00,2014-08-17 00:00:00,2014-02-09 00:00:00,22752,22743,22741,22741
Cali Swag District,1,0,1,20,0,7,28,20,7,0,2010-06-13 00:00:00,2010-06-13 00:00:00,2010-09-05 00:00:00,6879,6879,6879,6879
Toby Keith,6,0,2,81,0,15,15,20,14,0,2010-09-12 00:00:00,2012-05-06 00:00:00,2012-01-15 00:00:00,37119,37114,37113,37113
Demi Lovato,9,2,6,129,2,60,10,32,21,1,2011-07-31 00:00:00,2014-01-12 00:00:00,2011-07-31 00:00:00,10012,10006,10012,10011
Gotye,2,1,1,38,11,22,1,37,22,11,2012-01-22 00:00:00,2012-05-06 00:00:00,2012-04-29 00:00:00,16743,16744,16743,16743
Casey James,1,0,0,9,0,0,88,9,0,0,2013-01-06 00:00:00,2013-01-06 00:00:00,2013-02-10 00:00:00,7221,7221,7221,7221
Lee DeWyze,4,0,1,7,0,1,24,2,1,0,2010-06-13 00:00:00,2010-06-13 00:00:00,2010-06-13 00:00:00,23965,23965,23963,23965
Big Time Rush,3,0,0,13,0,0,72,11,0,0,2010-05-16 00:00:00,2011-03-13 00:00:00,2011-05-08 00:00:00,3946,3944,3944,3944
Dr. Dre,2,1,2,37,3,17,4,20,16,3,2010-12-05 00:00:00,2011-02-20 00:00:00,2011-03-06 00:00:00,11282,11281,11281,11281
Bella Thorne,2,0,0,5,0,0,86,3,0,0,2011-07-10 00:00:00,2012-04-01 00:00:00,2011-07-24 00:00:00,3247,3246,3247,3247
Icona Pop,1,1,1,19,7,13,7,19,13,7,2013-02-17 00:00:00,2013-02-17 00:00:00,2013-05-19 00:00:00,18667,18667,18667,18667
Lea Michele,1,0,0,1,0,0,75,1,0,0,2013-12-29 00:00:00,2013-12-29 00:00:00,2013-12-29 00:00:00,23912,23912,23912,23912
Jermaine Paul,1,0,0,1,0,0,83,1,0,0,2012-05-27 00:00:00,2012-05-27 00:00:00,2012-05-27 00:00:00,20307,20307,20307,20307
Keyshia Cole,1,0,0,9,0,0,84,9,0,0,2012-08-19 00:00:00,2012-08-19 00:00:00,2012-09-30 00:00:00,23218,23218,23218,23218
A Rocket To The Moon,1,0,0,1,0,0,91,1,0,0,2010-10-24 00:00:00,2010-10-24 00:00:00,2010-10-24 00:00:00,276,276,276,276
Soundgarden,1,0,0,1,0,0,96,1,0,0,2010-09-05 00:00:00,2010-09-05 00:00:00,2010-09-05 00:00:00,35013,35013,35013,35013
Avicii,5,1,2,75,21,41,4,30,25,21,2011-12-04 00:00:00,2014-10-26 00:00:00,2013-10-06 00:00:00,2482,2479,2480,2480
Zedd,3,1,3,58,2,40,8,33,23,2,2013-04-07 00:00:00,2015-03-15 00:00:00,2013-08-18 00:00:00,39901,39902,39901,39901
Artists For Haiti,1,1,1,5,2,3,2,5,3,2,2010-02-28 00:00:00,2010-02-28 00:00:00,2010-02-28 00:00:00,2341,2341,2341,2341
Jay-Z,15,3,7,157,20,59,4,19,19,16,2010-01-31 00:00:00,2013-07-28 00:00:00,2013-09-22 00:00:00,20059,20048,20045,20057
Mindless Behavior,1,0,0,10,0,0,72,10,0,0,2011-08-28 00:00:00,2011-08-28 00:00:00,2011-11-06 00:00:00,27229,27229,27229,27229
Kaskade,1,0,0,1,0,0,94,1,0,0,2011-11-13 00:00:00,2011-11-13 00:00:00,2011-11-13 00:00:00,22684,22684,22684,22684
Hillsong United,1,0,0,13,0,0,83,13,0,0,2014-02-02 00:00:00,2014-02-02 00:00:00,2014-03-16 00:00:00,18267,18267,18267,18267
Lorde,5,2,2,78,32,42,1,28,24,20,2013-07-21 00:00:00,2014-10-19 00:00:00,2013-10-13 00:00:00,25057,25056,25057,25057
Jhene Aiko,1,0,0,19,0,0,43,19,0,0,2014-02-23 00:00:00,2014-02-23 00:00:00,2014-04-27 00:00:00,20530,20530,20530,20530
Becky G,2,0,1,22,0,12,16,19,12,0,2014-06-22 00:00:00,2015-01-11 00:00:00,2014-08-10 00:00:00,3171,3172,3171,3171
Montgomery Gentry,1,0,0,15,0,0,71,15,0,0,2012-01-22 00:00:00,2012-01-22 00:00:00,2012-04-15 00:00:00,27518,27518,27518,27518
Jennifer Hudson,3,0,0,9,0,0,64,6,0,0,2010-02-14 00:00:00,2012-04-29 00:00:00,2011-04-10 00:00:00,20232,20230,20231,20231
Alpha Rev,1,0,0,1,0,0,100,1,0,0,2010-05-16 00:00:00,2010-05-16 00:00:00,2010-05-16 00:00:00,1179,1179,1179,1179
Cash Cash,1,0,0,13,0,0,57,13,0,0,2014-02-02 00:00:00,2014-02-02 00:00:00,2014-03-16 00:00:00,7224,7224,7224,7224
Katy Tiz,1,0,0,1,0,0,100,1,0,0,2014-05-18 00:00:00,2014-05-18 00:00:00,2014-05-18 00:00:00,22763,22763,22763,22763
Travie McCoy,2,1,1,32,9,22,4,27,22,9,2010-04-18 00:00:00,2013-11-10 00:00:00,2010-06-27 00:00:00,37927,37926,37927,37927
Afrojack,2,0,0,4,0,0,88,3,0,0,2013-03-10 00:00:00,2014-07-20 00:00:00,2013-03-10 00:00:00,619,618,619,619
Lil Wayne,27,5,14,235,18,120,3,19,19,11,2010-01-17 00:00:00,2014-06-15 00:00:00,2011-09-04 00:00:00,24522,24503,24508,24503
Marsha Ambrosius,2,0,0,19,0,0,74,18,0,0,2010-10-17 00:00:00,2011-04-03 00:00:00,2011-06-05 00:00:00,26129,26128,26128,26128
Lil Jon,3,0,0,6,0,0,62,3,0,0,2010-06-27 00:00:00,2014-09-28 00:00:00,2010-07-04 00:00:00,24485,24484,24485,24484
Mariah Carey,5,0,2,28,0,19,15,16,11,0,2010-03-07 00:00:00,2014-03-02 00:00:00,2013-06-23 00:00:00,25922,25917,25918,25918
Cole Swindell,3,0,1,48,0,5,28,20,5,0,2013-11-03 00:00:00,2015-01-18 00:00:00,2014-03-02 00:00:00,8495,8497,8495,8495
David Guetta,12,3,5,197,30,90,4,33,29,12,2010-05-16 00:00:00,2014-11-09 00:00:00,2012-02-05 00:00:00,9606,9609,9596,9602
Pitbull,16,5,10,231,47,139,1,28,27,17,2010-10-17 00:00:00,2014-12-14 00:00:00,2014-01-19 00:00:00,30712,30726,30702,30712
Jerrod Niemann,5,0,2,81,0,11,29,19,6,0,2010-05-16 00:00:00,2014-01-19 00:00:00,2010-08-08 00:00:00,20316,20312,20316,20312
Melanie Martinez,2,0,0,2,0,0,86,1,0,0,2012-12-09 00:00:00,2012-12-16 00:00:00,2012-12-09 00:00:00,26679,26680,26679,26679
Rich Gang,2,0,1,33,0,8,23,20,8,0,2013-05-26 00:00:00,2014-08-03 00:00:00,2014-10-26 00:00:00,32125,32124,32124,32125
Aloe Blacc,1,1,1,20,5,18,8,20,18,5,2013-12-29 00:00:00,2013-12-29 00:00:00,2014-04-13 00:00:00,1178,1178,1178,1178
Hugh Laurie,1,0,0,2,0,0,58,2,0,0,2011-09-25 00:00:00,2011-09-25 00:00:00,2011-09-25 00:00:00,18566,18566,18566,18566
Kirk Franklin,1,0,0,14,0,0,85,14,0,0,2011-03-13 00:00:00,2011-03-13 00:00:00,2011-06-05 00:00:00,23437,23437,23437,23437
Steel Magnolia,1,0,0,15,0,0,68,15,0,0,2010-03-21 00:00:00,2010-03-21 00:00:00,2010-05-30 00:00:00,35352,35352,35352,35352
Cher Lloyd,2,0,1,22,0,14,12,20,14,0,2012-07-01 00:00:00,2012-12-16 00:00:00,2012-08-12 00:00:00,7713,7712,7713,7713
Havana Brown,1,0,1,18,0,6,26,18,6,0,2012-04-08 00:00:00,2012-04-08 00:00:00,2012-08-12 00:00:00,17712,17712,17712,17712
R. Kelly,2,0,0,2,0,0,89,1,0,0,2011-01-02 00:00:00,2013-12-29 00:00:00,2013-12-29 00:00:00,31254,31253,31253,31253
Rico Love,1,0,0,7,0,0,73,7,0,0,2014-02-09 00:00:00,2014-02-09 00:00:00,2014-03-16 00:00:00,32357,32357,32357,32357
Billy Currington,6,0,1,97,0,1,39,21,1,0,2010-06-20 00:00:00,2015-03-22 00:00:00,2013-10-06 00:00:00,4120,4129,4117,4117
Eminem,17,5,9,175,40,113,1,29,27,16,2010-01-03 00:00:00,2014-09-14 00:00:00,2010-08-01 00:00:00,12723,12712,12718,12718
Mike Posner,3,1,3,64,11,44,6,28,25,11,2010-05-16 00:00:00,2011-03-13 00:00:00,2010-07-18 00:00:00,27070,27069,27070,27070
alt-J,1,0,0,1,0,0,99,1,0,0,2014-10-12 00:00:00,2014-10-12 00:00:00,2014-10-12 00:00:00,1184,1184,1184,1184
Nick Jonas,3,1,2,40,10,29,7,32,26,10,2010-09-26 00:00:00,2015-02-15 00:00:00,2015-01-25 00:00:00,28353,28356,28352,28352
Eli Young Band,4,0,2,85,0,16,29,36,9,0,2011-03-27 00:00:00,2014-07-27 00:00:00,2012-07-08 00:00:00,12287,12284,12286,12287
Lloyd,2,0,0,24,0,0,64,19,0,0,2010-11-07 00:00:00,2011-10-16 00:00:00,2010-12-26 00:00:00,24936,24935,24936,24936
Chris Young,9,0,2,149,0,6,34,21,3,0,2010-03-21 00:00:00,2015-01-04 00:00:00,2012-02-12 00:00:00,7987,7989,7983,7985
Craig Morgan,3,0,0,24,0,0,83,13,0,0,2010-07-04 00:00:00,2014-05-11 00:00:00,2010-09-19 00:00:00,8882,8880,8882,8882
Michael Jackson,5,1,4,33,1,11,9,20,8,1,2010-12-05 00:00:00,2014-06-08 00:00:00,2014-06-01 00:00:00,26877,26874,26873,26873
Clean Bandit,1,1,1,18,1,14,10,18,14,1,2014-06-29 00:00:00,2014-06-29 00:00:00,2014-10-12 00:00:00,8291,8291,8291,8291
Marc Anthony,1,0,0,5,0,0,92,5,0,0,2013-08-11 00:00:00,2013-08-11 00:00:00,2013-08-11 00:00:00,25832,25832,25832,25832
Sam Smith,5,2,3,41,20,23,2,27,21,19,2014-04-20 00:00:00,2015-02-22 00:00:00,2014-08-17 00:00:00,33650,33654,33650,33650
Thomas Rhett,4,0,1,64,0,12,25,22,12,0,2012-07-29 00:00:00,2014-11-30 00:00:00,2013-10-13 00:00:00,36833,36834,36832,36832
Sara Evans,2,0,1,26,0,4,34,21,4,0,2011-01-16 00:00:00,2014-03-30 00:00:00,2011-05-22 00:00:00,33902,33901,33902,33902
Joe Nichols,4,0,2,59,0,3,34,19,2,0,2010-03-14 00:00:00,2014-05-11 00:00:00,2010-05-09 00:00:00,21232,21229,21232,21232
Pentatonix,2,0,2,9,0,3,13,6,2,0,2013-12-22 00:00:00,2014-12-07 00:00:00,2013-12-22 00:00:00,30173,30174,30173,30174
Rodney Atkins,2,0,1,44,0,10,23,23,10,0,2010-07-04 00:00:00,2011-06-19 00:00:00,2011-10-23 00:00:00,32704,32703,32703,32703
Fantasia,2,0,0,14,0,0,74,12,0,0,2010-07-25 00:00:00,2013-07-21 00:00:00,2013-07-21 00:00:00,13458,13457,13457,13458
T-Pain,7,1,2,71,2,18,10,20,16,2,2010-04-11 00:00:00,2013-12-08 00:00:00,2011-12-25 00:00:00,36023,36018,36019,36018
Neon Trees,3,1,2,72,3,34,6,28,18,3,2010-06-20 00:00:00,2014-03-16 00:00:00,2012-09-16 00:00:00,28226,28224,28225,28225
Kendrick Lamar,5,0,4,55,0,12,17,19,7,0,2012-08-19 00:00:00,2014-10-12 00:00:00,2012-12-16 00:00:00,23049,23045,23049,23046
Buck 22,1,0,0,1,0,0,80,1,0,0,2014-03-02 00:00:00,2014-03-02 00:00:00,2014-03-02 00:00:00,6508,6508,6508,6508
K'Naan,2,0,0,8,0,0,82,6,0,0,2010-06-27 00:00:00,2012-04-22 00:00:00,2010-07-04 00:00:00,22590,22589,22590,22590
Disclosure,1,1,1,30,4,22,7,30,22,4,2014-03-30 00:00:00,2014-03-30 00:00:00,2014-08-10 00:00:00,10667,10667,10667,10667
Sevyn Streeter,1,0,1,20,0,4,30,20,4,0,2013-10-20 00:00:00,2013-10-20 00:00:00,2013-12-22 00:00:00,34168,34168,34168,34168
Breaking Benjamin,1,0,0,5,0,0,97,5,0,0,2010-04-25 00:00:00,2010-04-25 00:00:00,2010-04-25 00:00:00,6082,6082,6082,6082
Candice Glover,1,0,0,1,0,0,93,1,0,0,2013-06-02 00:00:00,2013-06-02 00:00:00,2013-06-02 00:00:00,6930,6930,6930,6930
Hunter Hayes,6,0,2,95,0,22,19,24,11,0,2011-11-13 00:00:00,2014-02-09 00:00:00,2013-07-07 00:00:00,18625,18620,18621,18624
Ray J,1,0,0,3,0,0,51,3,0,0,2013-04-28 00:00:00,2013-04-28 00:00:00,2013-04-28 00:00:00,31671,31671,31671,31671
Reeve Carney,1,0,0,1,0,0,74,1,0,0,2011-06-12 00:00:00,2011-06-12 00:00:00,2011-06-12 00:00:00,31992,31992,31992,31992
Grace Potter,1,0,0,1,0,0,95,1,0,0,2012-12-09 00:00:00,2012-12-09 00:00:00,2012-12-09 00:00:00,16764,16764,16764,16764
Snow Patrol,2,0,0,6,0,0,54,5,0,0,2010-01-31 00:00:00,2012-01-29 00:00:00,2010-02-07 00:00:00,34845,34844,34845,34845
Crystal Bowersox,1,0,0,1,0,0,57,1,0,0,2010-06-13 00:00:00,2010-06-13 00:00:00,2010-06-13 00:00:00,9030,9030,9030,9030
Estelle,1,0,0,1,0,0,100,1,0,0,2012-03-18 00:00:00,2012-03-18 00:00:00,2012-03-18 00:00:00,13086,13086,13086,13086
Daughtry,3,0,1,47,0,5,36,20,5,0,2010-08-22 00:00:00,2013-10-06 00:00:00,2010-11-07 00:00:00,9428,9426,9428,9428
I Prevail,1,0,0,1,0,0,90,1,0,0,2015-01-25 00:00:00,2015-01-25 00:00:00,2015-01-25 00:00:00,18634,18634,18634,18634
Kris Allen,1,0,0,2,0,0,63,2,0,0,2010-03-14 00:00:00,2010-03-14 00:00:00,2010-03-14 00:00:00,23571,23571,23571,23571
TeeFLii,1,0,0,7,0,0,85,7,0,0,2014-09-14 00:00:00,2014-09-14 00:00:00,2014-10-12 00:00:00,36563,36563,36563,36563
Martin Garrix,1,0,1,28,0,7,23,28,7,0,2013-10-06 00:00:00,2013-10-06 00:00:00,2014-04-06 00:00:00,26186,26186,26186,26186
Pearl Jam,2,0,0,15,0,0,76,14,0,0,2010-01-31 00:00:00,2013-10-27 00:00:00,2013-10-27 00:00:00,29984,29983,29983,29984
Ylvis,1,1,1,18,5,9,6,18,9,5,2013-09-22 00:00:00,2013-09-22 00:00:00,2013-10-20 00:00:00,39776,39776,39776,39776
Grouplove,1,0,0,20,0,0,42,20,0,0,2011-12-18 00:00:00,2011-12-18 00:00:00,2012-08-12 00:00:00,16903,16903,16903,16903
Pusha T,1,0,0,1,0,0,89,1,0,0,2012-08-12 00:00:00,2012-08-12 00:00:00,2012-08-12 00:00:00,31160,31160,31160,31160
SoMo,1,0,0,15,0,0,76,15,0,0,2014-01-26 00:00:00,2014-01-26 00:00:00,2014-03-16 00:00:00,34893,34893,34893,34893
Diddy,3,0,2,46,0,26,11,24,21,0,2010-04-18 00:00:00,2010-12-12 00:00:00,2011-03-27 00:00:00,10396,10395,10395,10395
PSY,2,1,2,16,1,6,5,15,5,1,2013-04-28 00:00:00,2014-06-29 00:00:00,2013-05-05 00:00:00,31117,31116,31117,31117
Amber Carrington,1,0,0,1,0,0,92,1,0,0,2013-06-30 00:00:00,2013-06-30 00:00:00,2013-06-30 00:00:00,1227,1227,1227,1227
Chris Cagle,2,0,0,12,0,0,86,9,0,0,2012-04-15 00:00:00,2013-02-10 00:00:00,2012-06-03 00:00:00,7934,7933,7934,7934
Maddie & Tae,1,0,0,10,0,0,62,10,0,0,2014-08-17 00:00:00,2014-08-17 00:00:00,2014-10-12 00:00:00,25604,25604,25604,25604
RockMafia,1,0,0,1,0,0,98,1,0,0,2010-11-21 00:00:00,2010-11-21 00:00:00,2010-11-21 00:00:00,32635,32635,32635,32635
Ne-Yo,5,1,2,69,8,29,6,28,21,8,2010-06-27 00:00:00,2014-11-30 00:00:00,2012-12-02 00:00:00,28041,28054,28040,28040
Chiddy Bang,1,0,0,2,0,0,90,2,0,0,2010-08-01 00:00:00,2010-08-01 00:00:00,2010-08-01 00:00:00,7839,7839,7839,7839
Jeremih,2,2,2,35,5,22,6,19,12,4,2010-11-28 00:00:00,2014-07-13 00:00:00,2014-10-26 00:00:00,20279,20278,20278,20279
Jake Worthington,1,0,0,1,0,0,98,1,0,0,2014-06-01 00:00:00,2014-06-01 00:00:00,2014-06-01 00:00:00,19551,19551,19551,19551
Shawn Mendes,3,0,1,6,0,1,24,3,1,0,2014-07-13 00:00:00,2015-02-22 00:00:00,2014-07-13 00:00:00,34306,34308,34306,34307
Tyga,10,1,2,90,4,22,7,25,18,4,2011-08-21 00:00:00,2014-08-31 00:00:00,2012-02-19 00:00:00,38120,38112,38116,38116
Sade,1,0,0,11,0,0,52,11,0,0,2010-01-31 00:00:00,2010-01-31 00:00:00,2010-02-28 00:00:00,33496,33496,33496,33496
Bridgit Mendler,4,0,0,18,0,0,49,13,0,0,2011-05-01 00:00:00,2012-11-04 00:00:00,2013-01-13 00:00:00,6223,6222,6222,6222
No Doubt,1,0,1,8,0,1,34,8,1,0,2012-08-05 00:00:00,2012-08-05 00:00:00,2012-08-05 00:00:00,28529,28529,28529,28529
Sage The Gemini,2,0,1,45,0,11,29,25,11,0,2013-08-04 00:00:00,2013-08-11 00:00:00,2013-09-08 00:00:00,33512,33511,33511,33511
Michel Telo,1,0,0,12,0,0,81,12,0,0,2012-04-15 00:00:00,2012-04-15 00:00:00,2012-05-13 00:00:00,26970,26970,26970,26970
Slaughterhouse,1,0,0,1,0,0,98,1,0,0,2012-09-09 00:00:00,2012-09-09 00:00:00,2012-09-09 00:00:00,34686,34686,34686,34686
Frankie Ballard,2,0,0,34,0,0,51,20,0,0,2013-12-22 00:00:00,2014-07-27 00:00:00,2014-03-09 00:00:00,14643,14644,14643,14643
Faith Hill,1,0,0,1,0,0,82,1,0,0,2011-11-27 00:00:00,2011-11-27 00:00:00,2011-11-27 00:00:00,13396,13396,13396,13396
Matthew Schuler,1,0,1,2,0,1,40,2,1,0,2013-12-01 00:00:00,2013-12-01 00:00:00,2013-12-01 00:00:00,26475,26475,26475,26475
Daft Punk,1,1,1,29,15,28,2,29,28,15,2013-05-05 00:00:00,2013-05-05 00:00:00,2013-06-30 00:00:00,9188,9188,9188,9188
Justin Moore,6,0,0,99,0,0,49,19,0,0,2010-03-14 00:00:00,2014-03-09 00:00:00,2014-06-29 00:00:00,22530,22525,22525,22525
OK Go,1,0,0,1,0,0,71,1,0,0,2014-11-16 00:00:00,2014-11-16 00:00:00,2014-11-16 00:00:00,28756,28756,28756,28756
Dev,3,0,1,33,0,17,11,20,17,0,2010-12-26 00:00:00,2012-04-15 00:00:00,2011-10-23 00:00:00,10128,10126,10127,10127
Driicky Graham,1,0,0,13,0,0,73,13,0,0,2012-07-01 00:00:00,2012-07-01 00:00:00,2012-08-05 00:00:00,11426,11426,11426,11426
Anna Kendrick,2,2,2,90,9,30,9,60,20,6,2013-01-13 00:00:00,2013-01-13 00:00:00,2013-08-04 00:00:00,1710,1710,1710,1710
Avenged Sevenfold,3,0,0,7,0,0,51,3,0,0,2010-06-06 00:00:00,2013-08-04 00:00:00,2010-06-06 00:00:00,2472,2470,2472,2470
Andy Grammer,3,0,0,33,0,0,53,20,0,0,2011-06-19 00:00:00,2015-03-01 00:00:00,2011-10-02 00:00:00,1535,1536,1535,1535
Miley Cyrus,8,3,5,98,28,71,1,28,27,16,2010-01-31 00:00:00,2013-10-27 00:00:00,2013-09-29 00:00:00,27112,27106,27107,27107
Easton Corbin,5,0,0,90,0,0,42,20,0,0,2010-01-24 00:00:00,2013-05-26 00:00:00,2010-04-04 00:00:00,11745,11742,11745,11745
A Thousand Horses,1,0,0,3,0,0,83,3,0,0,2015-03-15 00:00:00,2015-03-15 00:00:00,2015-03-22 00:00:00,277,277,277,277
Tori Kelly,1,0,0,3,0,0,79,3,0,0,2015-03-15 00:00:00,2015-03-15 00:00:00,2015-03-22 00:00:00,37785,37785,37785,37785
Fun.,3,2,3,108,41,74,1,46,33,22,2011-12-25 00:00:00,2013-01-20 00:00:00,2012-03-18 00:00:00,15166,15165,15166,15167
Cassadee Pope,5,0,3,22,0,3,25,17,1,0,2012-12-09 00:00:00,2013-06-23 00:00:00,2012-12-09 00:00:00,7236,7234,7236,7234
Sheppard,1,0,0,12,0,0,58,12,0,0,2014-12-21 00:00:00,2014-12-21 00:00:00,2015-03-01 00:00:00,34408,34408,34408,34408
Nicholas David,1,0,0,1,0,0,96,1,0,0,2012-12-23 00:00:00,2012-12-23 00:00:00,2012-12-23 00:00:00,28343,28343,28343,28343
Sugarland,2,0,1,38,0,20,17,24,20,0,2010-08-15 00:00:00,2010-10-31 00:00:00,2010-11-28 00:00:00,35757,35756,35757,35757
Terry McDermott,2,0,0,2,0,0,70,1,0,0,2012-12-23 00:00:00,2012-12-30 00:00:00,2012-12-30 00:00:00,36725,36724,36724,36725
Iggy Azalea,4,2,3,69,21,33,1,19,14,12,2014-03-23 00:00:00,2014-11-09 00:00:00,2014-06-08 00:00:00,18681,18684,18681,18681
Christina Grimmie,4,0,0,4,0,0,66,1,0,0,2014-05-18 00:00:00,2014-06-08 00:00:00,2014-06-08 00:00:00,8022,8024,8024,8024
Train,8,1,4,119,2,46,10,36,29,2,2010-06-27 00:00:00,2014-09-28 00:00:00,2012-05-27 00:00:00,37906,37898,37900,37900
Beyonce,14,1,6,186,8,60,2,21,18,8,2011-05-08 00:00:00,2014-12-14 00:00:00,2014-02-16 00:00:00,3867,3892,3857,3860
Tinie Tempah,2,0,1,24,0,14,12,20,14,0,2011-03-06 00:00:00,2011-08-21 00:00:00,2011-05-15 00:00:00,37067,37068,37067,37067
Alexandra Stan,4,0,1,31,0,13,21,20,13,0,2011-07-31 00:00:00,2013-03-31 00:00:00,2011-10-30 00:00:00,1042,10712,1042,1042
Steve Aoki,1,0,0,3,0,0,90,3,0,0,2014-09-07 00:00:00,2014-09-07 00:00:00,2014-09-21 00:00:00,35440,35440,35440,35440
Rick Ross,9,0,1,74,0,8,30,18,8,0,2010-06-13 00:00:00,2014-03-23 00:00:00,2011-01-02 00:00:00,32283,32276,32280,32280
Tiesto,2,0,0,25,0,0,49,13,0,0,2014-03-30 00:00:00,2014-06-22 00:00:00,2014-07-27 00:00:00,36930,36931,36931,36930
Jon Pardi,1,0,0,13,0,0,56,13,0,0,2013-12-01 00:00:00,2013-12-01 00:00:00,2014-02-02 00:00:00,22132,22132,22132,22132
T.I.,13,0,3,96,0,10,18,20,5,0,2010-04-04 00:00:00,2014-08-24 00:00:00,2010-12-26 00:00:00,36055,36046,36053,36048
Alicia Keys,3,0,2,51,0,38,11,30,25,0,2010-01-03 00:00:00,2012-09-23 00:00:00,2012-12-16 00:00:00,1088,1085,1085,1085
Kenny Chesney,14,0,6,195,0,55,18,19,13,0,2010-03-21 00:00:00,2014-11-16 00:00:00,2010-08-22 00:00:00,23076,23108,23075,23068
Foster The People,2,1,1,49,14,27,3,40,27,14,2011-05-15 00:00:00,2012-01-29 00:00:00,2011-09-11 00:00:00,14083,14082,14083,14083
Green Shoe Studio,1,0,0,1,0,0,42,1,0,0,2013-09-15 00:00:00,2013-09-15 00:00:00,2013-09-15 00:00:00,16870,16870,16870,16870
KONGOS,1,0,1,19,0,8,31,19,8,0,2014-04-20 00:00:00,2014-04-20 00:00:00,2014-07-27 00:00:00,23521,23521,23521,23521
George Ezra,1,0,0,7,0,0,72,7,0,0,2015-02-15 00:00:00,2015-02-15 00:00:00,2015-03-22 00:00:00,15643,15643,15643,15643
AWOLNATION,1,0,1,52,0,15,27,52,15,0,2011-09-04 00:00:00,2011-09-04 00:00:00,2013-08-18 00:00:00,2511,2511,2511,2511
Nickelback,3,0,1,37,0,4,34,20,4,0,2010-04-25 00:00:00,2011-12-11 00:00:00,2010-07-04 00:00:00,28395,28394,28395,28395
Keri Hilson,1,0,1,19,0,15,24,19,15,0,2010-12-12 00:00:00,2010-12-12 00:00:00,2011-03-27 00:00:00,23197,23197,23197,23197
Michael Buble,4,0,0,5,0,0,55,2,0,0,2010-09-26 00:00:00,2013-03-17 00:00:00,2010-09-26 00:00:00,26856,26852,26856,26856
Taylor Swift,45,12,25,391,70,181,1,36,26,17,2010-02-07 00:00:00,2015-03-22 00:00:00,2012-09-02 00:00:00,36244,36292,36227,36221
Sean Paul,2,0,0,6,0,0,78,5,0,0,2011-10-02 00:00:00,2012-04-15 00:00:00,2012-04-15 00:00:00,34069,34068,34068,34069
Emeli Sande,1,0,1,20,0,8,25,20,8,0,2013-03-10 00:00:00,2013-03-10 00:00:00,2013-06-09 00:00:00,12672,12672,12672,12672
Rihanna,21,10,16,396,142,260,1,40,34,26,2010-02-07 00:00:00,2015-02-08 00:00:00,2010-11-21 00:00:00,32408,32422,32405,32395
Auburn,1,0,0,13,0,0,51,13,0,0,2010-08-01 00:00:00,2010-08-01 00:00:00,2010-08-15 00:00:00,2434,2434,2434,2434
Kip Moore,3,0,1,57,0,6,29,19,6,0,2012-02-26 00:00:00,2013-04-07 00:00:00,2012-06-10 00:00:00,23433,23432,23433,23433
Bobby Brackins,1,0,0,11,0,0,76,11,0,0,2010-07-04 00:00:00,2010-07-04 00:00:00,2010-08-29 00:00:00,5448,5448,5448,5448
Kelly Rowland,3,0,1,44,0,16,17,19,16,0,2011-05-01 00:00:00,2013-03-24 00:00:00,2011-08-07 00:00:00,23027,23025,23027,23027
deadmau5,1,0,0,1,0,0,100,1,0,0,2012-03-04 00:00:00,2012-03-04 00:00:00,2012-03-04 00:00:00,9716,9716,9716,9716
Shakira,6,0,3,74,0,14,15,19,10,0,2010-05-16 00:00:00,2014-06-08 00:00:00,2014-02-16 00:00:00,34211,34208,34206,34206
M83.,1,0,0,20,0,0,72,20,0,0,2012-03-25 00:00:00,2012-03-25 00:00:00,2012-04-29 00:00:00,25558,25558,25558,25558
Hannah Montana,2,0,0,3,0,0,66,2,0,0,2010-08-01 00:00:00,2010-11-07 00:00:00,2010-11-07 00:00:00,17387,17386,17386,17387
Tony Bennett,1,0,0,1,0,0,87,1,0,0,2011-10-02 00:00:00,2011-10-02 00:00:00,2011-10-02 00:00:00,37610,37610,37610,37610
Jason Mraz,1,1,1,22,1,6,8,22,6,1,2012-01-22 00:00:00,2012-01-22 00:00:00,2012-01-22 00:00:00,19999,19999,19999,19999
Bon Jovi,1,0,1,1,0,1,25,1,1,0,2013-12-01 00:00:00,2013-12-01 00:00:00,2013-12-01 00:00:00,5763,5763,5763,5763
Muse,2,0,0,26,0,0,56,25,0,0,2010-06-06 00:00:00,2012-09-09 00:00:00,2013-02-17 00:00:00,27683,27682,27682,27682
2 Chainz,7,0,3,88,0,28,16,26,17,0,2012-05-27 00:00:00,2013-09-29 00:00:00,2013-06-16 00:00:00,84,83,80,84
Trey Songz,13,1,3,205,9,48,6,28,26,9,2010-03-14 00:00:00,2015-02-08 00:00:00,2010-11-07 00:00:00,37963,37970,37959,37950
White Buffalo & The Forest Rangers,1,0,0,1,0,0,93,1,0,0,2014-12-28 00:00:00,2014-12-28 00:00:00,2014-12-28 00:00:00,39254,39254,39254,39254
Red Hot Chili Peppers,1,0,1,17,0,1,38,17,1,0,2011-08-07 00:00:00,2011-08-07 00:00:00,2011-08-07 00:00:00,31897,31897,31897,31897
Fetty Wap,1,1,1,8,1,4,10,8,4,1,2015-02-08 00:00:00,2015-02-08 00:00:00,2015-03-22 00:00:00,13686,13686,13686,13686
Bruno Mars,11,7,9,237,107,187,1,30,30,22,2010-08-08 00:00:00,2014-01-19 00:00:00,2013-04-21 00:00:00,6466,6456,6457,6466
3 Doors Down,1,0,0,1,0,0,81,1,0,0,2011-02-20 00:00:00,2011-02-20 00:00:00,2011-02-20 00:00:00,124,124,124,124
Gloriana,2,0,1,23,0,5,34,19,5,0,2012-04-22 00:00:00,2013-05-26 00:00:00,2012-08-19 00:00:00,16614,16613,16614,16614
Shontelle,1,0,1,20,0,13,13,20,13,0,2010-05-09 00:00:00,2010-05-09 00:00:00,2010-08-01 00:00:00,34497,34497,34497,34497
Josh Kelley,1,0,0,3,0,0,87,3,0,0,2011-04-10 00:00:00,2011-04-10 00:00:00,2011-04-17 00:00:00,22274,22274,22274,22274
Taylor John Williams,1,0,0,1,0,0,100,1,0,0,2014-12-21 00:00:00,2014-12-21 00:00:00,2014-12-21 00:00:00,36219,36219,36219,36219
Alesso,1,0,1,22,0,7,31,22,7,0,2014-10-19 00:00:00,2014-10-19 00:00:00,2015-01-25 00:00:00,1033,1033,1033,1033
Skrillex,4,0,0,41,0,0,69,20,0,0,2011-11-20 00:00:00,2012-03-04 00:00:00,2012-01-08 00:00:00,34661,34659,34658,34659
Jacquie Lee,1,0,0,1,0,0,87,1,0,0,2013-12-29 00:00:00,2013-12-29 00:00:00,2013-12-29 00:00:00,19506,19506,19506,19506
Tony Lucca,1,0,0,1,0,0,58,1,0,0,2012-05-27 00:00:00,2012-05-27 00:00:00,2012-05-27 00:00:00,37678,37678,37678,37678
Kacey Musgraves,2,0,0,16,0,0,60,15,0,0,2012-12-30 00:00:00,2014-02-16 00:00:00,2014-02-16 00:00:00,22598,22597,22597,22598
John Newman,1,0,1,18,0,8,30,18,8,0,2013-12-08 00:00:00,2013-12-08 00:00:00,2014-03-02 00:00:00,21612,21612,21612,21612
Ross Lynch,1,0,0,3,0,0,82,3,0,0,2013-08-11 00:00:00,2013-08-11 00:00:00,2013-08-11 00:00:00,33003,33003,33003,33003
Zendaya,1,0,1,21,0,1,40,21,1,0,2013-09-08 00:00:00,2013-09-08 00:00:00,2014-01-12 00:00:00,39903,39903,39903,39903
Empire Cast,3,0,0,6,0,0,42,3,0,0,2015-03-01 00:00:00,2015-03-22 00:00:00,2015-03-22 00:00:00,12765,12767,12767,12766
Jay Sean,3,0,2,17,0,5,18,14,4,0,2010-08-22 00:00:00,2012-06-17 00:00:00,2011-02-27 00:00:00,20042,20039,20040,20042
Fergie,2,0,0,3,0,0,77,2,0,0,2013-06-02 00:00:00,2014-10-26 00:00:00,2013-06-02 00:00:00,13658,13657,13658,13658
Labrinth,1,0,1,14,0,1,34,14,1,0,2013-06-09 00:00:00,2013-06-09 00:00:00,2013-08-11 00:00:00,23646,23646,23646,23646
Mark Ronson,1,1,1,18,16,17,1,18,17,16,2014-11-30 00:00:00,2014-11-30 00:00:00,2015-01-18 00:00:00,26072,26072,26072,26072
Romeo Santos,4,0,0,28,0,0,45,11,0,0,2011-06-26 00:00:00,2014-02-16 00:00:00,2014-02-16 00:00:00,32860,32857,32857,32857
Sick Puppies,1,0,0,15,0,0,56,15,0,0,2010-12-12 00:00:00,2010-12-12 00:00:00,2011-02-06 00:00:00,34517,34517,34517,34517
KCamp,1,0,0,19,0,0,49,19,0,0,2014-04-27 00:00:00,2014-04-27 00:00:00,2014-07-06 00:00:00,22895,22895,22895,22895
Naughty Boy,1,0,1,19,0,11,19,19,11,0,2014-03-09 00:00:00,2014-03-09 00:00:00,2014-05-11 00:00:00,28022,28022,28022,28022
Luke Bryan,14,0,9,241,0,115,14,24,19,0,2010-04-11 00:00:00,2014-12-14 00:00:00,2014-04-27 00:00:00,25430,25434,25419,25429
John Legend,3,1,1,40,6,17,6,31,17,6,2012-05-06 00:00:00,2014-07-27 00:00:00,2014-08-03 00:00:00,21478,21477,21476,21476
J. Cole,10,0,3,109,0,22,20,19,11,0,2010-06-13 00:00:00,2015-01-04 00:00:00,2013-05-19 00:00:00,19155,19158,19150,19153
Arctic Monkeys,1,0,0,20,0,0,70,20,0,0,2013-12-22 00:00:00,2013-12-22 00:00:00,2014-03-09 00:00:00,1846,1846,1846,1846
Baauer,1,1,1,20,8,13,1,20,13,8,2013-03-03 00:00:00,2013-03-03 00:00:00,2013-03-03 00:00:00,2629,2629,2629,2629
James Wolpert,1,0,0,1,0,0,72,1,0,0,2013-11-24 00:00:00,2013-11-24 00:00:00,2013-11-24 00:00:00,19730,19730,19730,19730
Christopher Wilde,3,0,0,3,0,0,57,1,0,0,2010-03-07 00:00:00,2010-03-07 00:00:00,2010-03-07 00:00:00,8053,8053,8053,8053
Hustle Gang,1,0,0,2,0,0,88,2,0,0,2013-05-12 00:00:00,2013-05-12 00:00:00,2013-05-12 00:00:00,18631,18631,18631,18631
Christina Perri,5,0,3,68,0,18,26,26,9,0,2010-07-18 00:00:00,2014-02-23 00:00:00,2011-02-06 00:00:00,8033,8030,8033,8031
Enrique Iglesias,11,2,5,134,25,83,4,38,31,13,2010-05-30 00:00:00,2014-05-18 00:00:00,2010-08-29 00:00:00,12899,12892,12899,12899
Sheryl Crow,2,0,0,9,0,0,47,8,0,0,2010-02-14 00:00:00,2013-07-21 00:00:00,2010-02-14 00:00:00,34417,34416,34417,34416
John Mayer,6,0,1,26,0,5,35,16,5,0,2010-06-27 00:00:00,2014-06-15 00:00:00,2010-08-29 00:00:00,21505,21500,21505,21505
Young Jeezy,5,0,1,69,0,1,35,20,1,0,2010-05-23 00:00:00,2013-02-24 00:00:00,2010-05-23 00:00:00,39805,39801,39805,39802
Spose,1,0,1,9,0,1,37,9,1,0,2010-04-04 00:00:00,2010-04-04 00:00:00,2010-04-25 00:00:00,35179,35179,35179,35179
Steve Holy,1,0,0,7,0,0,78,7,0,0,2011-09-11 00:00:00,2011-09-11 00:00:00,2011-10-02 00:00:00,35453,35453,35453,35453
Shinedown,2,0,0,3,0,0,94,2,0,0,2010-08-15 00:00:00,2012-04-08 00:00:00,2012-04-08 00:00:00,34436,34435,34435,34435
OG Maco,1,0,0,2,0,0,90,2,0,0,2014-10-19 00:00:00,2014-10-19 00:00:00,2014-10-26 00:00:00,28729,28729,28729,28729
Lloyd Banks,1,0,0,16,0,0,49,16,0,0,2010-02-28 00:00:00,2010-02-28 00:00:00,2010-05-16 00:00:00,24941,24941,24941,24941
Rascal Flatts,8,0,2,140,0,2,38,23,1,0,2010-02-28 00:00:00,2014-02-02 00:00:00,2011-05-22 00:00:00,31486,31478,31483,31484
One Direction,19,4,11,195,22,83,2,28,28,13,2012-03-04 00:00:00,2014-12-07 00:00:00,2013-08-11 00:00:00,28860,28866,28850,28860
Jimmy Fallon,1,0,1,1,0,1,26,1,1,0,2014-10-26 00:00:00,2014-10-26 00:00:00,2014-10-26 00:00:00,20863,20863,20863,20863
Flo Rida,9,5,7,188,58,135,1,37,31,16,2010-07-18 00:00:00,2014-11-09 00:00:00,2012-08-26 00:00:00,13924,13935,13919,13920
Sam Hunt,2,0,1,27,0,5,27,16,5,0,2014-07-13 00:00:00,2015-01-18 00:00:00,2015-03-22 00:00:00,33631,33632,33632,33631
Big & Rich,2,0,0,16,0,0,82,10,0,0,2012-07-29 00:00:00,2014-09-21 00:00:00,2012-09-09 00:00:00,3897,3896,3897,3897
Fabolous,2,0,0,25,0,0,63,17,0,0,2011-01-02 00:00:00,2013-04-28 00:00:00,2011-04-10 00:00:00,13355,13354,13355,13355
New Hollow,2,0,0,6,0,0,86,3,0,0,2010-11-21 00:00:00,2011-02-13 00:00:00,2010-11-21 00:00:00,28281,28280,28281,28280
Travis Porter,3,0,0,35,0,0,53,19,0,0,2011-01-23 00:00:00,2012-03-18 00:00:00,2012-05-13 00:00:00,37931,37929,37929,37929
ScHoolboy Q,3,0,1,40,0,4,38,19,4,0,2013-11-03 00:00:00,2014-06-22 00:00:00,2014-08-10 00:00:00,34008,34007,34007,34007
Fat Joe,1,0,0,6,0,0,80,6,0,0,2012-04-22 00:00:00,2012-04-22 00:00:00,2012-05-06 00:00:00,13496,13496,13496,13496
Will Champlin,1,0,0,1,0,0,83,1,0,0,2013-12-15 00:00:00,2013-12-15 00:00:00,2013-12-15 00:00:00,39376,39376,39376,39376
Avril Lavigne,8,0,2,56,0,24,11,20,16,0,2010-03-21 00:00:00,2014-05-11 00:00:00,2011-02-27 00:00:00,2494,2486,2491,2491
Eddie Vedder,1,0,0,1,0,0,92,1,0,0,2010-02-14 00:00:00,2010-02-14 00:00:00,2010-02-14 00:00:00,11983,11983,11983,11983
Craig Campbell,4,0,0,31,0,0,72,10,0,0,2011-04-10 00:00:00,2014-05-18 00:00:00,2014-06-29 00:00:00,8874,8871,8871,8873
Calvin Harris,8,2,7,149,10,99,7,27,23,9,2012-02-26 00:00:00,2014-11-09 00:00:00,2014-07-20 00:00:00,6900,6902,6896,6898
Hot Chelle Rae,2,1,2,38,6,20,7,19,12,6,2011-05-01 00:00:00,2011-10-23 00:00:00,2011-08-07 00:00:00,18466,18465,18466,18466
Ellie Goulding,6,2,3,116,9,54,3,46,23,6,2011-08-21 00:00:00,2015-01-25 00:00:00,2015-03-08 00:00:00,12393,12395,12395,12393
Rae Sremmurd,3,0,1,25,0,4,36,11,4,0,2014-08-17 00:00:00,2015-01-18 00:00:00,2014-09-21 00:00:00,31331,31333,31331,31333
Antoine Dodson,1,0,0,3,0,0,89,3,0,0,2010-08-29 00:00:00,2010-08-29 00:00:00,2010-08-29 00:00:00,1789,1789,1789,1789
Dia Frampton,3,0,1,7,0,1,20,4,1,0,2011-06-26 00:00:00,2011-07-17 00:00:00,2011-07-17 00:00:00,10141,10139,10139,10141
Justin Timberlake,7,3,6,93,30,58,2,20,18,13,2010-02-07 00:00:00,2014-03-16 00:00:00,2013-06-16 00:00:00,22538,22532,22533,22533
Bow Wow,1,0,0,1,0,0,48,1,0,0,2011-11-13 00:00:00,2011-11-13 00:00:00,2011-11-13 00:00:00,5902,5902,5902,5902
Gavin DeGraw,2,0,1,40,0,20,18,35,20,0,2011-06-26 00:00:00,2013-10-06 00:00:00,2012-02-12 00:00:00,15361,15360,15361,15361
Rixton,1,0,1,20,0,12,14,20,12,0,2014-04-13 00:00:00,2014-04-13 00:00:00,2014-05-18 00:00:00,32483,32483,32483,32483
Selena Gomez,9,2,8,163,10,94,6,38,20,9,2010-01-10 00:00:00,2014-11-23 00:00:00,2013-05-26 00:00:00,34131,34137,34125,34127
Charli XCX,2,1,1,22,4,18,8,19,18,4,2014-06-22 00:00:00,2014-12-28 00:00:00,2014-10-05 00:00:00,7528,7529,7528,7528
Cashmere Cat,1,0,0,1,0,0,93,1,0,0,2015-03-22 00:00:00,2015-03-22 00:00:00,2015-03-22 00:00:00,7228,7228,7228,7228
Echosmith,2,0,1,15,0,9,16,14,9,0,2014-07-27 00:00:00,2014-07-27 00:00:00,2014-10-26 00:00:00,11757,11757,11757,11757
Bad Meets Evil,2,1,2,24,10,21,4,22,20,10,2011-05-22 00:00:00,2011-07-03 00:00:00,2011-09-11 00:00:00,2731,2730,2730,2730
Gwyneth Paltrow,1,0,0,2,0,0,81,2,0,0,2011-01-23 00:00:00,2011-01-23 00:00:00,2011-01-23 00:00:00,17238,17238,17238,17238
Danny Gokey,1,0,0,1,0,0,82,1,0,0,2010-03-21 00:00:00,2010-03-21 00:00:00,2010-03-21 00:00:00,9325,9325,9325,9325
Of Monsters And Men,1,0,0,26,0,0,49,26,0,0,2012-04-22 00:00:00,2012-04-22 00:00:00,2012-09-09 00:00:00,28721,28721,28721,28721
Gucci Mane,1,0,0,12,0,0,53,12,0,0,2010-02-21 00:00:00,2010-02-21 00:00:00,2010-04-11 00:00:00,16910,16910,16910,16910
Jazmine Sullivan,1,0,0,12,0,0,60,12,0,0,2010-09-12 00:00:00,2010-09-12 00:00:00,2010-11-07 00:00:00,20120,20120,20120,20120
AJR,1,0,0,11,0,0,65,11,0,0,2014-06-22 00:00:00,2014-06-22 00:00:00,2014-08-03 00:00:00,669,669,669,669
Tim McGraw,11,0,4,163,0,18,22,22,11,0,2010-05-09 00:00:00,2014-10-19 00:00:00,2013-06-09 00:00:00,36953,36946,36947,36946
My Darkest Days,1,0,0,7,0,0,90,7,0,0,2010-11-07 00:00:00,2010-11-07 00:00:00,2010-11-07 00:00:00,27713,27713,27713,27713
The-Dream,1,0,0,3,0,0,92,3,0,0,2010-04-04 00:00:00,2010-04-04 00:00:00,2010-04-04 00:00:00,36789,36789,36789,36789
Yellowcard,1,0,0,1,0,0,100,1,0,0,2011-02-06 00:00:00,2011-02-06 00:00:00,2011-02-06 00:00:00,39745,39745,39745,39745
Adam Lambert,3,1,2,51,1,28,10,30,21,1,2010-01-03 00:00:00,2012-01-08 00:00:00,2010-05-02 00:00:00,538,537,538,538
Troop 41,1,0,0,8,0,0,76,8,0,0,2011-01-09 00:00:00,2011-01-09 00:00:00,2011-02-06 00:00:00,38036,38036,38036,38036
Craig Wayne Boyd,3,0,1,3,0,1,34,1,1,0,2014-12-14 00:00:00,2015-01-04 00:00:00,2015-01-04 00:00:00,8892,8894,8894,8892
George Strait,6,0,0,91,0,0,43,20,0,0,2010-04-04 00:00:00,2014-06-15 00:00:00,2013-06-02 00:00:00,15825,15820,15821,15823
Martin Solveig,1,0,0,20,0,0,46,20,0,0,2011-04-24 00:00:00,2011-04-24 00:00:00,2011-06-19 00:00:00,26190,26190,26190,26190
Pistol Annies,1,0,0,3,0,0,55,3,0,0,2011-09-11 00:00:00,2011-09-11 00:00:00,2011-09-11 00:00:00,30701,30701,30701,30701
RaeLynn,1,0,0,16,0,0,61,16,0,0,2014-11-09 00:00:00,2014-11-09 00:00:00,2014-12-21 00:00:00,31340,31340,31340,31340
Pink,1,0,1,13,0,1,18,13,1,0,2010-02-21 00:00:00,2010-02-21 00:00:00,2010-02-21 00:00:00,30673,30673,30673,30673
WE the Kings,2,0,0,7,0,0,76,6,0,0,2010-07-18 00:00:00,2013-04-28 00:00:00,2010-08-01 00:00:00,39133,39132,39133,39133
Hadouken!,1,0,0,15,0,0,69,15,0,0,2013-03-17 00:00:00,2013-03-17 00:00:00,2013-04-14 00:00:00,17257,17257,17257,17257
Hilary Duff,1,0,0,1,0,0,79,1,0,0,2014-08-17 00:00:00,2014-08-17 00:00:00,2014-08-17 00:00:00,18251,18251,18251,18251
Sunny Sweeney,1,0,0,12,0,0,71,12,0,0,2011-01-23 00:00:00,2011-01-23 00:00:00,2011-03-20 00:00:00,35794,35794,35794,35794
Kid Cudi,7,0,1,13,0,1,22,5,1,0,2010-09-12 00:00:00,2013-01-06 00:00:00,2010-09-12 00:00:00,23235,23232,23235,23235
Blake Shelton,16,0,10,261,0,75,12,25,17,0,2010-01-10 00:00:00,2014-12-21 00:00:00,2013-06-30 00:00:00,5038,5048,5027,5033
Rebecca Black,2,0,0,7,0,0,55,6,0,0,2011-04-03 00:00:00,2013-12-29 00:00:00,2013-12-29 00:00:00,31876,31875,31875,31876
China Anne McClain,1,0,0,2,0,0,86,2,0,0,2011-10-16 00:00:00,2011-10-16 00:00:00,2011-10-30 00:00:00,7865,7865,7865,7865
Matt McAndrew,5,0,2,5,0,2,14,1,1,0,2014-12-07 00:00:00,2015-01-04 00:00:00,2015-01-04 00:00:00,26464,26468,26467,26466
Blink-182,2,0,0,3,0,0,65,2,0,0,2011-07-31 00:00:00,2011-10-16 00:00:00,2011-08-07 00:00:00,5067,5068,5067,5067
Brandy,1,0,0,14,0,0,65,14,0,0,2012-09-02 00:00:00,2012-09-02 00:00:00,2012-11-04 00:00:00,6034,6034,6034,6034
A Great Big World,1,1,1,26,14,25,4,26,25,14,2013-11-24 00:00:00,2013-11-24 00:00:00,2013-12-29 00:00:00,273,273,273,273
A$AP Rocky,4,1,1,46,2,19,8,27,19,2,2012-11-18 00:00:00,2013-06-09 00:00:00,2013-02-17 00:00:00,292,291,292,292
Troye Sivan,1,0,0,1,0,0,92,1,0,0,2014-08-10 00:00:00,2014-08-10 00:00:00,2014-08-10 00:00:00,38043,38043,38043,38043
Josh Thompson,1,0,0,9,0,0,85,9,0,0,2010-09-12 00:00:00,2010-09-12 00:00:00,2010-10-31 00:00:00,22276,22276,22276,22276
Chase Bryant,1,0,0,8,0,0,82,8,0,0,2015-01-18 00:00:00,2015-01-18 00:00:00,2015-02-15 00:00:00,7637,7637,7637,7637
Eric Paslay,3,0,0,32,0,0,47,20,0,0,2013-11-03 00:00:00,2015-03-22 00:00:00,2014-02-09 00:00:00,12998,13000,12998,12998
Rej3ctz,1,0,0,1,0,0,97,1,0,0,2011-06-19 00:00:00,2011-06-19 00:00:00,2011-06-19 00:00:00,32036,32036,32036,32036
Milky Chance,1,0,1,37,0,1,39,37,1,0,2014-08-10 00:00:00,2014-08-10 00:00:00,2015-01-04 00:00:00,27125,27125,27125,27125
Chris Medina,1,0,0,1,0,0,83,1,0,0,2011-03-20 00:00:00,2011-03-20 00:00:00,2011-03-20 00:00:00,7964,7964,7964,7964
Lindsey Pavao,1,0,0,1,0,0,80,1,0,0,2012-02-26 00:00:00,2012-02-26 00:00:00,2012-02-26 00:00:00,24645,24645,24645,24645
Nelly,5,1,1,37,17,25,3,28,25,17,2010-09-05 00:00:00,2013-03-10 00:00:00,2010-10-24 00:00:00,28173,28171,28173,28173
OneRepublic,7,2,6,154,17,83,3,39,22,10,2010-06-27 00:00:00,2014-12-14 00:00:00,2013-12-22 00:00:00,28876,28880,28870,28870
Aaron Lewis,1,0,0,2,0,0,87,2,0,0,2011-03-13 00:00:00,2011-03-13 00:00:00,2011-03-20 00:00:00,314,314,314,314
Armin van Buuren,1,0,0,1,0,0,96,1,0,0,2013-10-06 00:00:00,2013-10-06 00:00:00,2013-10-06 00:00:00,1957,1957,1957,1957
Mat Kearney,1,0,0,1,0,0,87,1,0,0,2011-08-21 00:00:00,2011-08-21 00:00:00,2011-08-21 00:00:00,26447,26447,26447,26447
Miranda Cosgrove,2,0,0,16,0,0,54,15,0,0,2010-04-25 00:00:00,2011-04-03 00:00:00,2010-05-16 00:00:00,27281,27280,27281,27281
Five Finger Death Punch,1,0,0,1,0,0,77,1,0,0,2011-08-21 00:00:00,2011-08-21 00:00:00,2011-08-21 00:00:00,13780,13780,13780,13780
Arianna,1,0,0,1,0,0,97,1,0,0,2013-05-19 00:00:00,2013-05-19 00:00:00,2013-05-19 00:00:00,1950,1950,1950,1950
Kellie Pickler,1,0,0,2,0,0,97,2,0,0,2010-02-28 00:00:00,2010-02-28 00:00:00,2010-03-14 00:00:00,22991,22991,22991,22991
Iyaz,2,0,1,32,0,5,32,18,5,0,2010-02-28 00:00:00,2011-07-17 00:00:00,2010-05-09 00:00:00,19142,19140,19142,19142
Don Omar,2,0,0,6,0,0,82,5,0,0,2011-05-22 00:00:00,2011-07-24 00:00:00,2011-05-22 00:00:00,10949,10950,10949,10949
Casey Weston,1,0,0,1,0,0,90,1,0,0,2011-07-03 00:00:00,2011-07-03 00:00:00,2011-07-03 00:00:00,7223,7223,7223,7223
A-Trak + Milo & Otis,1,0,0,1,0,0,98,1,0,0,2015-02-22 00:00:00,2015-02-22 00:00:00,2015-02-22 00:00:00,281,281,281,281
Little Mix,1,0,0,9,0,0,79,9,0,0,2013-04-21 00:00:00,2013-04-21 00:00:00,2013-05-26 00:00:00,24824,24824,24824,24824
Tegan And Sara,2,0,0,6,0,0,57,3,0,0,2013-11-03 00:00:00,2014-03-02 00:00:00,2014-03-09 00:00:00,36576,36575,36575,36576
Kevin Rudolf,1,0,1,19,0,14,21,19,14,0,2010-02-21 00:00:00,2010-02-21 00:00:00,2010-05-16 00:00:00,23214,23214,23214,23214
Van Halen,1,0,0,1,0,0,67,1,0,0,2012-01-29 00:00:00,2012-01-29 00:00:00,2012-01-29 00:00:00,38344,38344,38344,38344
Kings Of Leon,2,0,1,6,0,1,37,5,1,0,2010-10-03 00:00:00,2010-11-07 00:00:00,2010-10-03 00:00:00,23371,23372,23371,23371
Jonn Hart,1,0,0,15,0,0,66,15,0,0,2012-12-30 00:00:00,2012-12-30 00:00:00,2013-03-03 00:00:00,22206,22206,22206,22206
Michelle Chamuel,2,0,0,2,0,0,85,1,0,0,2013-06-23 00:00:00,2013-07-07 00:00:00,2013-06-23 00:00:00,26981,26982,26981,26982
Yolanda Be Cool,1,0,1,20,0,6,29,20,6,0,2010-10-03 00:00:00,2010-10-03 00:00:00,2010-11-07 00:00:00,39789,39789,39789,39789
Lana Del Rey,4,1,2,23,8,18,6,19,17,8,2013-07-28 00:00:00,2014-06-22 00:00:00,2013-09-22 00:00:00,23713,23712,23713,23713
Seether,1,0,0,18,0,0,72,18,0,0,2011-03-27 00:00:00,2011-03-27 00:00:00,2011-06-05 00:00:00,34111,34111,34111,34111
Tyler Farr,3,0,1,49,0,5,29,20,5,0,2013-06-16 00:00:00,2015-01-18 00:00:00,2013-09-29 00:00:00,38128,38129,38128,38128
Paramore,4,1,4,61,1,35,10,24,17,1,2010-06-13 00:00:00,2014-03-16 00:00:00,2014-05-25 00:00:00,29170,29167,29167,29167
Emblem3,1,0,0,3,0,0,93,3,0,0,2013-08-11 00:00:00,2013-08-11 00:00:00,2013-08-18 00:00:00,12671,12671,12671,12671
Edward Maya & Vika Jigulina,1,0,1,28,0,16,16,28,16,0,2010-10-24 00:00:00,2010-10-24 00:00:00,2011-01-02 00:00:00,12184,12184,12184,12184
K. Michelle,2,0,0,11,0,0,89,7,0,0,2013-10-27 00:00:00,2014-02-16 00:00:00,2013-11-03 00:00:00,22568,22567,22568,22567
Jessie J,5,2,3,58,14,32,3,19,11,11,2011-02-20 00:00:00,2015-01-04 00:00:00,2014-10-05 00:00:00,20484,20486,20482,20483
Arcade Fire,1,0,0,1,0,0,99,1,0,0,2013-09-29 00:00:00,2013-09-29 00:00:00,2013-09-29 00:00:00,1823,1823,1823,1823
Lady Antebellum,13,1,6,169,1,47,7,20,19,1,2010-01-10 00:00:00,2014-06-08 00:00:00,2011-05-22 00:00:00,23659,23648,23653,23653
Bonnie McKee,1,0,0,6,0,0,87,6,0,0,2013-09-08 00:00:00,2013-09-08 00:00:00,2013-09-29 00:00:00,5812,5812,5812,5812
Swedish House Mafia,1,1,1,33,6,22,6,33,22,6,2012-10-07 00:00:00,2012-10-07 00:00:00,2013-02-10 00:00:00,35902,35902,35902,35902
Gyptian,1,0,0,15,0,0,77,15,0,0,2010-06-06 00:00:00,2010-06-06 00:00:00,2010-07-25 00:00:00,17246,17246,17246,17246
Jason DeRulo,12,3,8,147,26,90,3,19,16,14,2010-03-21 00:00:00,2014-06-15 00:00:00,2014-02-23 00:00:00,19991,19983,19981,19988
Passenger,1,1,1,28,11,20,5,28,20,11,2013-08-18 00:00:00,2013-08-18 00:00:00,2014-02-23 00:00:00,29211,29211,29211,29211
Willow,2,0,1,18,0,10,11,17,10,0,2010-11-07 00:00:00,2011-03-20 00:00:00,2010-11-14 00:00:00,39482,39481,39482,39482
Cobra Starship,1,1,1,29,9,27,7,29,27,9,2011-07-31 00:00:00,2011-07-31 00:00:00,2011-10-02 00:00:00,8455,8455,8455,8455
Snoop Dogg,2,1,1,36,6,25,7,32,25,6,2011-03-27 00:00:00,2011-10-30 00:00:00,2012-03-18 00:00:00,34823,34822,34822,34822
Sam Palladio,1,0,0,1,0,0,92,1,0,0,2012-11-11 00:00:00,2012-11-11 00:00:00,2012-11-11 00:00:00,33647,33647,33647,33647
Vance Joy,1,0,1,54,0,18,30,54,18,0,2014-07-13 00:00:00,2014-07-13 00:00:00,2015-02-01 00:00:00,38386,38386,38386,38386
Disturbed,1,0,0,1,0,0,81,1,0,0,2010-07-04 00:00:00,2010-07-04 00:00:00,2010-07-04 00:00:00,10675,10675,10675,10675
Three 6 Mafia,1,0,0,2,0,0,78,2,0,0,2010-03-21 00:00:00,2010-03-21 00:00:00,2010-03-21 00:00:00,36853,36853,36853,36853
Meek Mill,4,0,0,31,0,0,51,18,0,0,2012-02-26 00:00:00,2015-03-22 00:00:00,2012-02-26 00:00:00,26634,26636,26634,26635
Bobby Shmurda,2,1,1,14,1,7,10,11,7,1,2014-08-17 00:00:00,2014-11-02 00:00:00,2014-10-26 00:00:00,5647,5648,5647,5647
Gym Class Heroes,3,1,3,53,8,33,4,19,15,8,2011-07-03 00:00:00,2012-06-03 00:00:00,2011-10-16 00:00:00,17241,17240,17241,17241
Edens Edge,1,0,0,6,0,0,83,6,0,0,2011-12-25 00:00:00,2011-12-25 00:00:00,2012-01-29 00:00:00,12146,12146,12146,12146
Kelly Clarkson,10,2,4,99,8,42,1,19,19,7,2010-04-25 00:00:00,2015-02-01 00:00:00,2012-02-19 00:00:00,23005,23019,23000,23003
Waka Flocka Flame,6,0,1,61,0,22,13,31,22,0,2010-02-28 00:00:00,2012-06-24 00:00:00,2011-01-23 00:00:00,38914,38910,38911,38911
Jill Scott,1,0,0,1,0,0,97,1,0,0,2011-07-10 00:00:00,2011-07-10 00:00:00,2011-07-10 00:00:00,20543,20543,20543,20543
La Roux,1,1,1,19,2,13,8,19,13,2,2010-03-21 00:00:00,2010-03-21 00:00:00,2010-06-13 00:00:00,23641,23641,23641,23641
Ronnie Dunn,2,0,0,26,0,0,62,18,0,0,2011-02-27 00:00:00,2011-09-11 00:00:00,2011-04-24 00:00:00,32903,32904,32903,32903
Nicki Minaj,23,3,11,310,44,151,2,28,28,21,2010-06-20 00:00:00,2015-02-08 00:00:00,2014-09-07 00:00:00,28429,28437,28415,28417
Fifth Harmony,4,0,1,44,0,1,40,15,1,0,2013-08-04 00:00:00,2015-02-08 00:00:00,2015-01-11 00:00:00,13702,13704,13703,13703
Outasight,1,0,1,20,0,2,38,20,2,0,2011-12-11 00:00:00,2011-12-11 00:00:00,2012-02-12 00:00:00,29023,29023,29023,29023
Sophia Grace,1,0,0,1,0,0,87,1,0,0,2015-01-25 00:00:00,2015-01-25 00:00:00,2015-01-25 00:00:00,34952,34952,34952,34952
Yo Gotti,3,0,0,9,0,0,81,7,0,0,2010-03-14 00:00:00,2014-10-26 00:00:00,2010-03-28 00:00:00,39779,39777,39779,39779
Godsmack,1,0,0,3,0,0,74,3,0,0,2010-03-21 00:00:00,2010-03-21 00:00:00,2010-03-21 00:00:00,16636,16636,16636,16636
Band Aid 30,1,0,0,1,0,0,63,1,0,0,2014-12-07 00:00:00,2014-12-07 00:00:00,2014-12-07 00:00:00,2768,2768,2768,2768
Migos,3,0,0,18,0,0,69,14,0,0,2013-09-22 00:00:00,2014-10-12 00:00:00,2014-09-07 00:00:00,27034,27033,27032,27032
Jason Aldean,18,1,10,230,2,70,7,20,15,2,2010-05-02 00:00:00,2014-10-19 00:00:00,2011-07-03 00:00:00,19972,19960,19967,19968
JoJo,1,0,0,1,0,0,87,1,0,0,2011-09-25 00:00:00,2011-09-25 00:00:00,2011-09-25 00:00:00,22108,22108,22108,22108
Nero,1,0,0,10,0,0,70,10,0,0,2012-07-15 00:00:00,2012-07-15 00:00:00,2012-07-29 00:00:00,28227,28227,28227,28227
Olly Murs,2,0,1,22,0,11,25,20,11,0,2012-09-30 00:00:00,2013-02-03 00:00:00,2013-05-12 00:00:00,28826,28825,28825,28825
Snootie Wild,1,0,0,3,0,0,93,3,0,0,2014-11-09 00:00:00,2014-11-09 00:00:00,2014-11-23 00:00:00,34841,34841,34841,34841
MGK,1,0,0,1,0,0,98,1,0,0,2012-01-29 00:00:00,2012-01-29 00:00:00,2012-01-29 00:00:00,26824,26824,26824,26824
James Newton Howard,1,0,1,16,0,10,12,16,10,0,2014-12-14 00:00:00,2014-12-14 00:00:00,2014-12-14 00:00:00,19705,19705,19705,19705
Damien,1,0,0,1,0,0,74,1,0,0,2015-01-04 00:00:00,2015-01-04 00:00:00,2015-01-04 00:00:00,9208,9208,9208,9208
Rita Ora,2,0,0,15,0,0,62,9,0,0,2012-06-10 00:00:00,2014-08-17 00:00:00,2012-07-08 00:00:00,32463,32462,32463,32463
V.I.C.,1,0,0,2,0,0,94,2,0,0,2012-01-08 00:00:00,2012-01-08 00:00:00,2012-01-08 00:00:00,38308,38308,38308,38308
Matisyahu,1,0,0,6,0,0,85,6,0,0,2010-03-14 00:00:00,2010-03-14 00:00:00,2010-04-11 00:00:00,26460,26460,26460,26460
Lupe Fiasco,8,1,2,58,1,13,9,21,12,1,2010-11-28 00:00:00,2013-12-22 00:00:00,2011-06-05 00:00:00,25457,25453,25457,25457
Natasha Bedingfield,1,0,0,4,0,0,91,4,0,0,2010-11-07 00:00:00,2010-11-07 00:00:00,2010-12-26 00:00:00,28002,28002,28002,28002
Kristen Bell,3,0,0,41,0,0,49,19,0,0,2014-01-12 00:00:00,2014-03-30 00:00:00,2014-03-30 00:00:00,23593,23594,23594,23593
U2,1,0,0,2,0,0,84,2,0,0,2014-03-09 00:00:00,2014-03-09 00:00:00,2014-03-23 00:00:00,38178,38178,38178,38178
Kirko Bangz,1,0,1,19,0,9,28,19,9,0,2012-02-26 00:00:00,2012-02-26 00:00:00,2012-05-20 00:00:00,23440,23440,23440,23440
Maejor Ali,1,0,1,4,0,1,19,4,1,0,2013-10-06 00:00:00,2013-10-06 00:00:00,2013-10-06 00:00:00,25667,25667,25667,25667
Charlie Worsham,1,0,0,2,0,0,94,2,0,0,2013-09-29 00:00:00,2013-09-29 00:00:00,2013-10-06 00:00:00,7624,7624,7624,7624
David Nail,2,0,1,41,0,6,35,21,6,0,2011-10-02 00:00:00,2013-10-20 00:00:00,2014-02-23 00:00:00,9632,9631,9631,9631
Krewella,2,0,1,20,0,4,32,19,4,0,2013-03-03 00:00:00,2013-07-21 00:00:00,2013-05-19 00:00:00,23568,23569,23568,23568
Chief Keef,2,0,0,17,0,0,56,14,0,0,2012-09-09 00:00:00,2012-12-30 00:00:00,2013-01-13 00:00:00,7841,7840,7840,7840
Erykah Badu,1,0,0,3,0,0,95,3,0,0,2010-04-18 00:00:00,2010-04-18 00:00:00,2010-04-18 00:00:00,13066,13066,13066,13066
Jack Johnson,2,0,1,5,0,1,20,4,1,0,2010-04-25 00:00:00,2013-06-30 00:00:00,2010-04-25 00:00:00,19269,19268,19269,19269
Drake,41,5,14,426,35,211,4,35,33,13,2010-03-28 00:00:00,2015-03-08 00:00:00,2013-10-13 00:00:00,11346,11365,11321,11335
Greg Bates,1,0,0,16,0,0,66,16,0,0,2012-10-07 00:00:00,2012-10-07 00:00:00,2012-12-23 00:00:00,16873,16873,16873,16873
Sara Bareilles,3,0,2,61,0,25,23,34,19,0,2010-07-11 00:00:00,2014-05-25 00:00:00,2014-02-16 00:00:00,33899,33898,33897,33897
Hozier,1,0,0,9,0,0,49,9,0,0,2014-08-31 00:00:00,2014-08-31 00:00:00,2014-10-26 00:00:00,18516,18516,18516,18516
Annie Lennox,1,0,0,1,0,0,97,1,0,0,2015-03-01 00:00:00,2015-03-01 00:00:00,2015-03-01 00:00:00,1774,1774,1774,1774
Duck Sauce,1,0,0,1,0,0,89,1,0,0,2011-05-15 00:00:00,2011-05-15 00:00:00,2011-05-15 00:00:00,11471,11471,11471,11471
Justin Bieber,31,4,13,157,28,70,2,19,18,12,2010-02-07 00:00:00,2013-12-29 00:00:00,2012-04-15 00:00:00,22509,22486,22496,22514
Jennifer Lopez,8,1,3,72,15,29,3,19,19,15,2011-03-13 00:00:00,2014-10-05 00:00:00,2011-05-22 00:00:00,20242,20238,20242,20242
Thompson Square,5,0,1,81,0,7,32,20,7,0,2011-01-02 00:00:00,2014-02-02 00:00:00,2011-04-03 00:00:00,36840,36837,36840,36840
Lifehouse,1,0,0,2,0,0,79,2,0,0,2012-09-30 00:00:00,2012-09-30 00:00:00,2012-09-30 00:00:00,24457,24457,24457,24457
Macklemore,4,2,4,94,29,61,1,27,23,17,2012-09-16 00:00:00,2013-10-06 00:00:00,2013-02-03 00:00:00,25593,25596,25593,25594
Rob Thomas,1,0,0,4,0,0,95,4,0,0,2010-08-01 00:00:00,2010-08-01 00:00:00,2010-08-29 00:00:00,32491,32491,32491,32491
Garrett Hedlund,1,0,0,2,0,0,79,2,0,0,2011-01-30 00:00:00,2011-01-30 00:00:00,2011-01-30 00:00:00,15274,15274,15274,15274
B.o.B ,7,0,2,99,0,11,11,27,10,0,2011-01-09 00:00:00,2015-01-25 00:00:00,2012-03-11 00:00:00,2601,2602,2599,2603
Parmalee,2,0,1,22,0,1,36,19,1,0,2013-10-06 00:00:00,2014-10-12 00:00:00,2013-12-29 00:00:00,29193,29192,29193,29193
Wisin,1,0,0,1,0,0,94,1,0,0,2014-03-23 00:00:00,2014-03-23 00:00:00,2014-03-23 00:00:00,39571,39571,39571,39571
will.i.am,6,1,4,67,11,36,3,24,23,11,2010-09-26 00:00:00,2014-04-27 00:00:00,2013-02-17 00:00:00,39430,39425,39426,39426
Karmin,3,0,1,35,0,14,16,19,14,0,2012-03-25 00:00:00,2013-07-28 00:00:00,2012-06-10 00:00:00,22674,22673,22674,22674
Jonas Brothers,1,0,0,1,0,0,60,1,0,0,2013-04-21 00:00:00,2013-04-21 00:00:00,2013-04-21 00:00:00,22142,22142,22142,22142
Colbie Caillat,5,0,1,63,0,1,23,25,1,0,2010-04-11 00:00:00,2014-07-27 00:00:00,2011-02-27 00:00:00,8466,8462,8464,8463
Enya,1,0,0,1,0,0,43,1,0,0,2013-12-08 00:00:00,2013-12-08 00:00:00,2013-12-08 00:00:00,12912,12912,12912,12912
Roscoe Dash,2,0,0,16,0,0,46,12,0,0,2010-02-14 00:00:00,2011-10-30 00:00:00,2010-03-21 00:00:00,32956,32955,32956,32956
Lee Brice,7,0,3,132,0,11,33,19,5,0,2010-05-23 00:00:00,2014-11-02 00:00:00,2014-08-10 00:00:00,23961,23962,23956,23961
Jana Kramer,3,0,0,22,0,0,52,19,0,0,2011-02-27 00:00:00,2012-05-20 00:00:00,2012-09-16 00:00:00,19862,19861,19861,19861
Tessanne Chin,3,0,0,3,0,0,51,1,0,0,2013-12-29 00:00:00,2014-01-05 00:00:00,2014-01-05 00:00:00,36736,36734,36734,36734
Lillywood,1,0,1,15,0,8,23,15,8,0,2014-12-21 00:00:00,2014-12-21 00:00:00,2015-03-08 00:00:00,24567,24567,24567,24567
Timbaland,1,0,1,20,0,12,23,20,12,0,2010-01-24 00:00:00,2010-01-24 00:00:00,2010-03-28 00:00:00,37000,37000,37000,37000
Maroon 5,15,8,9,209,82,158,1,28,28,21,2010-07-11 00:00:00,2015-02-01 00:00:00,2011-09-11 00:00:00,26109,26120,26107,26104
Brantley Gilbert,7,0,1,95,0,15,20,25,15,0,2011-07-10 00:00:00,2014-06-29 00:00:00,2014-04-27 00:00:00,6057,6054,6051,6051
Glee Cast,183,2,45,222,2,47,6,5,2,1,2010-05-02 00:00:00,2013-10-27 00:00:00,2011-04-03 00:00:00,16220,16097,16125,16201
Kanye West,17,0,11,127,0,53,12,19,19,0,2010-07-18 00:00:00,2015-03-22 00:00:00,2013-12-15 00:00:00,22639,22658,22626,22632
Whitney Houston,4,1,3,8,2,6,3,3,3,2,2012-02-26 00:00:00,2012-03-04 00:00:00,2012-03-04 00:00:00,39278,39279,39276,39276
Coldplay,10,1,7,110,1,49,10,32,23,1,2010-12-19 00:00:00,2014-05-18 00:00:00,2014-06-01 00:00:00,8485,8478,8478,8481
Mana,1,0,0,1,0,0,100,1,0,0,2011-12-11 00:00:00,2011-12-11 00:00:00,2011-12-11 00:00:00,25754,25754,25754,25754
Breathe Carolina,1,0,1,20,0,3,32,20,3,0,2011-11-20 00:00:00,2011-11-20 00:00:00,2012-02-05 00:00:00,6093,6093,6093,6093
Carrie Underwood,8,0,5,121,0,46,18,21,17,0,2010-05-23 00:00:00,2014-10-19 00:00:00,2012-03-18 00:00:00,7153,7148,7151,7152
Imagine Dragons,7,2,4,174,28,85,3,65,46,16,2012-06-24 00:00:00,2015-02-15 00:00:00,2013-07-07 00:00:00,18723,18725,18721,18721
Javier Colon,4,0,1,6,0,1,17,2,1,0,2011-05-15 00:00:00,2011-07-17 00:00:00,2011-07-17 00:00:00,20011,20008,20008,20009
Robin Thicke,4,1,2,60,21,31,1,28,24,21,2010-01-03 00:00:00,2014-07-13 00:00:00,2013-06-23 00:00:00,32608,32605,32606,32606
August Alsina,2,0,0,24,0,0,48,20,0,0,2013-09-22 00:00:00,2014-10-05 00:00:00,2013-11-10 00:00:00,2448,2447,2448,2448
James Blunt,1,0,0,1,0,0,94,1,0,0,2011-02-06 00:00:00,2011-02-06 00:00:00,2011-02-06 00:00:00,19561,19561,19561,19561
Mike Will Made It,1,0,1,23,0,18,11,23,18,0,2013-09-29 00:00:00,2013-09-29 00:00:00,2013-10-13 00:00:00,27080,27080,27080,27080
Mario,1,0,0,1,0,0,95,1,0,0,2010-03-28 00:00:00,2010-03-28 00:00:00,2010-03-28 00:00:00,25986,25986,25986,25986
G-Eazy,1,0,0,4,0,0,98,4,0,0,2015-01-18 00:00:00,2015-01-18 00:00:00,2015-02-15 00:00:00,15199,15199,15199,15199
Xenia,2,0,0,2,0,0,92,1,0,0,2011-07-03 00:00:00,2011-07-10 00:00:00,2011-07-10 00:00:00,39701,39700,39700,39701
Lady Gaga,5,3,4,38,16,33,3,19,19,11,2011-05-01 00:00:00,2011-06-12 00:00:00,2011-05-29 00:00:00,23675,23677,23673,23673
Sara Ramirez,1,0,0,1,0,0,69,1,0,0,2011-04-17 00:00:00,2011-04-17 00:00:00,2011-04-17 00:00:00,33912,33912,33912,33912
MAGIC!,1,1,1,25,16,23,1,25,23,16,2014-05-11 00:00:00,2014-05-11 00:00:00,2014-07-27 00:00:00,25677,25677,25677,25677
Miranda Lambert,12,0,5,190,0,32,19,20,12,0,2010-04-11 00:00:00,2015-03-01 00:00:00,2014-07-13 00:00:00,27292,27299,27285,27292
Rocko,1,0,1,20,0,10,20,20,10,0,2013-04-28 00:00:00,2013-04-28 00:00:00,2013-08-04 00:00:00,32636,32636,32636,32636
Tamar Braxton,2,0,0,21,0,0,57,20,0,0,2012-12-23 00:00:00,2013-12-22 00:00:00,2012-12-23 00:00:00,36127,36126,36127,36127
Mumford & Sons,11,0,3,90,0,23,12,28,21,0,2010-08-29 00:00:00,2013-08-25 00:00:00,2013-03-03 00:00:00,27671,27663,27662,27662
Josh Turner,3,0,0,38,0,0,57,19,0,0,2010-07-18 00:00:00,2012-04-15 00:00:00,2012-08-19 00:00:00,22280,22277,22277,22277
Phillip Phillips,4,1,2,60,5,32,7,28,19,5,2012-06-10 00:00:00,2014-03-23 00:00:00,2012-12-16 00:00:00,30626,30623,30624,30625
Josh Kaufman,2,0,0,3,0,0,71,2,0,0,2014-05-11 00:00:00,2014-05-25 00:00:00,2014-05-25 00:00:00,22272,22273,22273,22272
Weird Al Yankovic,1,0,1,2,0,1,39,2,1,0,2014-08-03 00:00:00,2014-08-03 00:00:00,2014-08-03 00:00:00,39173,39173,39173,39173
V V Brown,1,0,0,6,0,0,67,6,0,0,2010-06-20 00:00:00,2010-06-20 00:00:00,2010-07-11 00:00:00,38307,38307,38307,38307
Alex Clare,1,1,1,29,6,13,7,29,13,6,2012-04-08 00:00:00,2012-04-08 00:00:00,2012-10-28 00:00:00,1036,1036,1036,1036
Mary J. Blige,2,0,0,10,0,0,75,9,0,0,2010-02-21 00:00:00,2012-02-05 00:00:00,2010-02-21 00:00:00,26345,26343,26345,26343
Florida Georgia Line,11,1,7,180,14,99,4,28,24,14,2012-09-02 00:00:00,2014-10-26 00:00:00,2013-07-07 00:00:00,13960,13955,13956,13950
DJ Snake,1,1,1,37,15,30,4,37,30,15,2014-01-12 00:00:00,2014-01-12 00:00:00,2014-06-15 00:00:00,10743,10743,10743,10743
Frank Ocean,2,0,1,32,0,7,32,28,7,0,2011-07-24 00:00:00,2012-07-29 00:00:00,2012-12-23 00:00:00,14382,14381,14381,14381
Jaheim,2,0,0,5,0,0,93,4,0,0,2010-02-14 00:00:00,2010-07-04 00:00:00,2010-02-28 00:00:00,19531,19532,19531,19531
Ella Henderson,1,0,1,20,0,9,21,20,9,0,2014-11-16 00:00:00,2014-11-16 00:00:00,2015-03-08 00:00:00,12372,12372,12372,12372
Nat King Cole,1,0,0,1,0,0,45,1,0,0,2014-01-05 00:00:00,2014-01-05 00:00:00,2014-01-05 00:00:00,27900,27900,27900,27900
Ke$ha,13,5,9,135,34,77,1,26,19,14,2010-01-24 00:00:00,2013-06-16 00:00:00,2010-11-14 00:00:00,22905,22897,22904,22897
Lauren Alaina,1,0,1,2,0,1,20,2,1,0,2011-06-12 00:00:00,2011-06-12 00:00:00,2011-06-12 00:00:00,23829,23829,23829,23829
Jack & Jack,1,0,0,1,0,0,87,1,0,0,2014-08-24 00:00:00,2014-08-24 00:00:00,2014-08-24 00:00:00,19244,19244,19244,19244
Disney's Friends For Change,1,0,0,1,0,0,84,1,0,0,2010-04-04 00:00:00,2010-04-04 00:00:00,2010-04-04 00:00:00,10673,10673,10673,10673
Darius Rucker,6,0,2,107,0,19,15,26,18,0,2010-08-01 00:00:00,2014-11-23 00:00:00,2013-06-09 00:00:00,9354,9359,9350,9350
Ace Hood,3,0,1,49,0,6,33,20,6,0,2011-04-24 00:00:00,2013-03-03 00:00:00,2013-05-26 00:00:00,408,407,407,407
LoveRance,1,0,0,40,0,0,46,40,0,0,2012-03-18 00:00:00,2012-03-18 00:00:00,2012-06-03 00:00:00,25308,25308,25308,25308
Mac Miller,6,0,0,19,0,0,53,7,0,0,2011-06-12 00:00:00,2012-05-06 00:00:00,2012-05-06 00:00:00,25586,25580,25580,25586
Jason Michael Carroll,1,0,0,1,0,0,99,1,0,0,2010-02-14 00:00:00,2010-02-14 00:00:00,2010-02-14 00:00:00,19995,19995,19995,19995
DJ Khaled,7,1,3,101,1,34,10,24,20,1,2010-03-07 00:00:00,2014-09-21 00:00:00,2011-06-12 00:00:00,10730,10724,10728,10730
Scotty McCreery,4,0,1,45,0,2,11,18,2,0,2011-06-12 00:00:00,2014-10-12 00:00:00,2011-06-12 00:00:00,34025,34023,34025,34024
Trinidad James,1,0,1,20,0,4,36,20,4,0,2012-12-30 00:00:00,2012-12-30 00:00:00,2013-02-17 00:00:00,38007,38007,38007,38007
Birdman,2,0,0,11,0,0,64,10,0,0,2010-12-19 00:00:00,2011-10-09 00:00:00,2011-01-09 00:00:00,4942,4943,4942,4942
Miguel,5,0,2,99,0,24,17,28,20,0,2010-10-03 00:00:00,2013-05-05 00:00:00,2012-11-25 00:00:00,27039,27035,27036,27036
Britt Nicole,1,0,0,3,0,0,83,3,0,0,2013-03-17 00:00:00,2013-03-17 00:00:00,2013-03-24 00:00:00,6259,6259,6259,6259
Charice,1,0,0,2,0,0,56,2,0,0,2010-05-30 00:00:00,2010-05-30 00:00:00,2010-05-30 00:00:00,7424,7424,7424,7424
Ciara,4,0,1,48,0,10,22,20,10,0,2010-05-09 00:00:00,2015-02-15 00:00:00,2013-07-28 00:00:00,8167,8179,8165,8167
O.T. Genasis,1,0,1,17,0,13,20,17,13,0,2014-12-07 00:00:00,2014-12-07 00:00:00,2015-02-15 00:00:00,28662,28662,28662,28662
Soko,1,1,1,1,1,1,9,1,1,1,2014-03-30 00:00:00,2014-03-30 00:00:00,2014-03-30 00:00:00,34853,34853,34853,34853
Amanda Brown,1,0,0,1,0,0,97,1,0,0,2012-12-09 00:00:00,2012-12-09 00:00:00,2012-12-09 00:00:00,1215,1215,1215,1215
Chris Jamison,3,0,0,3,0,0,53,1,0,0,2014-12-28 00:00:00,2015-01-04 00:00:00,2015-01-04 00:00:00,7958,7959,7959,7958
Ingrid Michaelson,1,0,0,19,0,0,56,19,0,0,2014-04-27 00:00:00,2014-04-27 00:00:00,2014-08-24 00:00:00,18812,18812,18812,18812
Matt Nathanson,2,0,0,13,0,0,53,12,0,0,2011-08-14 00:00:00,2011-11-27 00:00:00,2011-11-27 00:00:00,26473,26472,26472,26473
Meghan Trainor,4,2,2,48,23,30,1,21,18,12,2014-07-27 00:00:00,2015-01-11 00:00:00,2014-09-21 00:00:00,26640,26644,26640,26642
Melanie Fiona,1,0,0,8,0,0,81,8,0,0,2012-02-19 00:00:00,2012-02-19 00:00:00,2012-04-08 00:00:00,26677,26677,26677,26677
Nico & Vinz,2,1,1,38,14,24,4,26,24,14,2014-05-04 00:00:00,2014-11-02 00:00:00,2014-07-06 00:00:00,28439,28440,28439,28439
My Chemical Romance,2,0,0,18,0,0,58,17,0,0,2010-10-17 00:00:00,2011-02-27 00:00:00,2011-03-06 00:00:00,27706,27705,27705,27705
Gorilla Zoe,1,0,0,1,0,0,77,1,0,0,2011-03-20 00:00:00,2011-03-20 00:00:00,2011-03-20 00:00:00,16735,16735,16735,16735
Joe Budden,1,0,0,1,0,0,96,1,0,0,2013-03-03 00:00:00,2013-03-03 00:00:00,2013-03-03 00:00:00,21149,21149,21149,21149
Jordin Sparks,1,0,0,1,0,0,82,1,0,0,2011-05-29 00:00:00,2011-05-29 00:00:00,2011-05-29 00:00:00,22213,22213,22213,22213
Brett Eldredge,3,0,1,59,0,7,30,20,7,0,2013-06-09 00:00:00,2014-11-23 00:00:00,2013-08-25 00:00:00,6177,6178,6177,6176
Gwen Stefani,1,0,0,6,0,0,46,6,0,0,2014-11-09 00:00:00,2014-11-09 00:00:00,2014-11-09 00:00:00,17237,17237,17237,17237
Passion Pit,1,0,0,22,0,0,84,22,0,0,2012-09-16 00:00:00,2012-09-16 00:00:00,2013-02-10 00:00:00,29212,29212,29212,29212
Young Money,3,0,0,51,0,0,48,20,0,0,2010-01-10 00:00:00,2014-03-23 00:00:00,2010-01-10 00:00:00,39819,39817,39819,39817
Ariana Grande,11,3,5,92,28,68,2,26,24,16,2013-04-14 00:00:00,2015-03-01 00:00:00,2014-06-08 00:00:00,1943,1949,1939,1943
Martina McBride,3,0,0,36,0,0,61,20,0,0,2010-04-11 00:00:00,2011-09-11 00:00:00,2011-11-27 00:00:00,26193,26191,26191,26191
Jesse McCartney,1,0,0,12,0,0,54,12,0,0,2010-10-10 00:00:00,2010-10-10 00:00:00,2010-12-05 00:00:00,20455,20455,20455,20455
Will Young,1,0,0,1,0,0,81,1,0,0,2010-06-13 00:00:00,2010-06-13 00:00:00,2010-06-13 00:00:00,39423,39423,39423,39423
French Montana,4,0,1,43,0,8,36,22,8,0,2012-07-29 00:00:00,2015-01-11 00:00:00,2012-11-11 00:00:00,15121,15122,15121,15121
Shiny Toy Guns,1,0,0,1,0,0,97,1,0,0,2010-02-21 00:00:00,2010-02-21 00:00:00,2010-02-21 00:00:00,34443,34443,34443,34443
Madonna,1,1,1,6,1,3,10,6,3,1,2012-02-19 00:00:00,2012-02-19 00:00:00,2012-02-26 00:00:00,25611,25611,25611,25611
Twista,1,0,0,14,0,0,71,14,0,0,2010-11-28 00:00:00,2010-11-28 00:00:00,2011-01-02 00:00:00,38087,38087,38087,38087
Kid Ink,5,0,1,52,0,6,19,19,6,0,2013-02-10 00:00:00,2015-02-22 00:00:00,2014-02-09 00:00:00,23247,23249,23244,23245
LMFAO,3,2,2,78,33,49,1,39,26,21,2011-02-13 00:00:00,2012-02-12 00:00:00,2011-07-17 00:00:00,24964,24963,24964,24964
Fall Out Boy,7,1,2,75,2,45,10,32,24,2,2013-02-24 00:00:00,2015-02-08 00:00:00,2015-02-08 00:00:00,13427,13444,13426,13426
Ludacris,5,0,1,46,0,14,11,20,14,0,2010-03-14 00:00:00,2013-09-08 00:00:00,2010-05-09 00:00:00,25388,25384,25388,25388
Sia,2,1,2,33,8,25,8,23,19,8,2014-05-25 00:00:00,2015-01-25 00:00:00,2014-08-24 00:00:00,34515,34516,34515,34515
Mr. Probz,1,0,1,8,0,2,32,8,2,0,2014-09-07 00:00:00,2014-09-07 00:00:00,2014-10-26 00:00:00,27648,27648,27648,27648
Shania Twain,1,0,0,1,0,0,66,1,0,0,2011-07-03 00:00:00,2011-07-03 00:00:00,2011-07-03 00:00:00,34246,34246,34246,34246
k.d. lang,1,0,0,1,0,0,61,1,0,0,2010-03-07 00:00:00,2010-03-07 00:00:00,2010-03-07 00:00:00,22582,22582,22582,22582
Dierks Bentley,8,0,4,125,0,18,27,20,9,0,2010-07-25 00:00:00,2015-02-01 00:00:00,2014-08-03 00:00:00,10409,10422,10404,10406
Theory Of A Deadman,1,0,0,1,0,0,99,1,0,0,2010-05-23 00:00:00,2010-05-23 00:00:00,2010-05-23 00:00:00,36810,36810,36810,36810
Wale,8,0,2,93,0,22,21,26,21,0,2011-09-11 00:00:00,2015-02-01 00:00:00,2013-06-23 00:00:00,38924,38928,38920,38920
American Authors,1,0,1,30,0,24,11,30,24,0,2013-12-01 00:00:00,2013-12-01 00:00:00,2014-04-20 00:00:00,1263,1263,1263,1263
Dustin Lynch,2,0,1,42,0,1,40,22,1,0,2012-06-03 00:00:00,2014-05-04 00:00:00,2012-10-07 00:00:00,11588,11587,11588,11588
Omarion,1,0,0,10,0,0,41,10,0,0,2015-01-25 00:00:00,2015-01-25 00:00:00,2015-03-22 00:00:00,28846,28846,28846,28846
Foo Fighters,2,0,0,26,0,0,68,13,0,0,2011-03-20 00:00:00,2011-07-24 00:00:00,2011-05-01 00:00:00,14023,14024,14023,14023
Kid Rock,1,0,0,1,0,0,66,1,0,0,2015-03-15 00:00:00,2015-03-15 00:00:00,2015-03-15 00:00:00,23255,23255,23255,23255
Eric Church,12,0,3,186,0,21,19,22,16,0,2010-03-21 00:00:00,2014-11-09 00:00:00,2012-05-20 00:00:00,12965,12970,12961,12961
Rise Against,1,0,0,1,0,0,89,1,0,0,2011-02-13 00:00:00,2011-02-13 00:00:00,2011-02-13 00:00:00,32448,32448,32448,32448
YG,4,0,1,60,0,25,19,28,25,0,2010-09-12 00:00:00,2014-03-30 00:00:00,2013-12-01 00:00:00,39765,39762,39763,39763
Asher Roth,1,0,0,1,0,0,79,1,0,0,2010-08-15 00:00:00,2010-08-15 00:00:00,2010-08-15 00:00:00,2352,2352,2352,2352
Vicci Martinez,3,0,0,3,0,0,68,1,0,0,2011-07-03 00:00:00,2011-07-17 00:00:00,2011-07-10 00:00:00,38684,38685,38683,38684
Alabama Shakes,1,0,0,2,0,0,93,2,0,0,2013-03-03 00:00:00,2013-03-03 00:00:00,2013-03-10 00:00:00,926,926,926,926
Common,1,0,0,3,0,0,49,3,0,0,2015-02-01 00:00:00,2015-02-01 00:00:00,2015-03-15 00:00:00,8586,8586,8586,8586
50 Cent,3,0,1,5,0,1,27,3,1,0,2011-08-07 00:00:00,2012-12-16 00:00:00,2012-12-16 00:00:00,201,199,199,199
Dave Matthews Band,2,0,0,3,0,0,57,2,0,0,2010-02-21 00:00:00,2012-08-05 00:00:00,2010-02-21 00:00:00,9495,9494,9495,9495
Adele,6,3,4,103,19,48,1,38,27,15,2010-12-26 00:00:00,2012-10-21 00:00:00,2011-05-22 00:00:00,569,567,569,569
Randy Houser,4,0,1,70,0,8,24,20,8,0,2012-10-21 00:00:00,2014-12-21 00:00:00,2013-08-18 00:00:00,31443,31446,31442,31442
3OH!3,8,1,1,30,1,13,9,18,13,1,2010-03-07 00:00:00,2012-01-22 00:00:00,2010-05-23 00:00:00,151,145,147,147
5 Seconds Of Summer,6,0,5,41,0,18,16,20,8,0,2014-04-20 00:00:00,2014-08-03 00:00:00,2014-07-20 00:00:00,193,198,197,193
Carly Rae Jepsen,5,1,1,35,23,30,1,30,30,23,2012-03-11 00:00:00,2015-03-22 00:00:00,2012-06-24 00:00:00,7052,7055,7052,7052
Brad Paisley,11,0,2,162,0,17,17,20,14,0,2010-05-02 00:00:00,2014-10-26 00:00:00,2011-08-28 00:00:00,5993,5985,5990,5991
Young Thug,1,0,0,15,0,0,47,15,0,0,2014-03-02 00:00:00,2014-03-02 00:00:00,2014-04-06 00:00:00,39833,39833,39833,39833
Gary Allan,1,0,1,20,0,4,26,20,4,0,2012-10-21 00:00:00,2012-10-21 00:00:00,2013-02-10 00:00:00,15292,15292,15292,15292
Tove Lo,2,1,1,27,3,11,4,20,11,3,2014-06-15 00:00:00,2015-02-15 00:00:00,2014-10-26 00:00:00,37819,37820,37819,37819
Zac Brown Band,12,0,6,207,0,37,18,20,14,0,2010-01-31 00:00:00,2015-02-01 00:00:00,2011-08-07 00:00:00,39880,39884,39875,39878
Kreayshawn,1,0,0,10,0,0,57,10,0,0,2011-08-14 00:00:00,2011-08-14 00:00:00,2011-09-18 00:00:00,23567,23567,23567,23567
Ty Dolla $ign,2,0,1,40,0,7,29,20,7,0,2014-01-05 00:00:00,2014-03-30 00:00:00,2014-03-16 00:00:00,38103,38104,38103,38103
Mann,1,0,0,11,0,0,61,11,0,0,2011-01-30 00:00:00,2011-01-30 00:00:00,2011-02-20 00:00:00,25800,25800,25800,25800
Trace Adkins,2,0,0,26,0,0,61,20,0,0,2010-10-31 00:00:00,2011-06-19 00:00:00,2011-10-09 00:00:00,37838,37837,37837,37837
Love And Theft,1,0,1,20,0,5,32,20,5,0,2012-06-03 00:00:00,2012-06-03 00:00:00,2012-08-19 00:00:00,25291,25291,25291,25291
